date,T2M,T2M_MAX,T2M_MIN,RH2M,WS10M,PRECTOTCORR
2023-10-03,26.24,29.64,23.78,85.85,2.0,0.01
2023-10-04,26.26,30.29,23.57,86.57,2.06,0.0
2023-10-05,25.82,30.08,22.3,87.03,2.34,0.01
2023-10-06,26.09,30.44,23.02,85.84,2.11,0.04
2023-10-07,26.49,31.09,22.92,86.21,2.29,0.0
2023-10-08,27.15,32.43,22.79,83.12,2.28,0.0
2023-10-09,26.84,31.61,23.0,82.8,2.56,0.0
2023-10-10,25.99,31.13,21.9,83.43,2.97,0.0
2023-10-11,26.17,31.61,21.63,81.64,2.46,0.0
2023-10-12,27.44,33.29,22.79,77.74,2.29,0.0
2023-10-13,27.74,33.61,22.69,76.37,2.61,0.05
2023-10-14,27.78,33.26,22.69,72.26,2.02,0.08
2023-10-15,27.44,32.98,22.84,77.19,2.29,0.21
2023-10-16,27.76,32.69,23.45,76.57,2.07,0.4
2023-10-17,27.63,32.95,23.04,75.47,2.12,0.45
2023-10-18,26.96,32.58,22.49,77.28,3.11,0.04
2023-10-19,27.04,32.98,21.96,75.36,2.58,0.01
2023-10-20,27.72,32.63,23.0,74.32,2.35,0.02
2023-10-21,27.46,32.24,22.95,76.12,2.71,0.01
2023-10-22,27.48,32.25,23.34,77.2,2.37,0.05
2023-10-23,26.83,32.76,21.98,73.63,2.67,0.0
2023-10-24,26.68,32.35,22.33,73.59,2.82,0.0
2023-10-25,25.92,32.32,20.86,71.17,3.3,0.0
2023-10-26,25.32,31.85,19.84,65.69,3.78,0.0
2023-10-27,24.73,31.81,18.73,64.9,3.47,0.0
2023-10-28,25.12,32.3,18.75,64.73,3.03,0.0
2023-10-29,25.26,32.69,18.63,63.93,2.77,0.0
2023-10-30,25.0,32.31,19.09,65.25,3.46,0.0
2023-10-31,24.78,31.68,18.56,67.0,3.43,0.0
2023-11-01,24.59,31.66,18.94,70.12,3.46,0.0
2023-11-02,24.93,31.66,18.97,69.93,3.06,0.0
2023-11-03,25.31,32.47,19.61,69.14,3.31,0.0
2023-11-04,25.78,33.43,19.06,66.62,3.85,0.0
2023-11-05,26.29,32.35,21.17,72.09,3.53,0.01
2023-11-06,25.16,31.15,20.61,71.9,4.06,0.01
2023-11-07,25.66,31.82,20.66,76.32,3.16,0.0
2023-11-08,26.07,30.69,22.27,81.78,2.84,3.53
2023-11-09,26.56,30.42,23.35,82.13,1.9,0.72
2023-11-10,25.68,28.39,24.04,86.64,2.72,11.2
2023-11-11,26.08,32.13,21.78,74.28,3.29,1.33
2023-11-12,25.8,32.75,20.97,70.49,3.97,0.0
2023-11-13,24.98,32.04,19.54,70.54,3.66,0.0
2023-11-14,24.93,32.08,19.9,67.93,2.92,0.0
2023-11-15,24.24,31.52,18.25,68.0,2.84,0.0
2023-11-16,24.22,31.51,18.38,66.02,3.08,0.0
2023-11-17,23.92,31.31,17.79,66.33,3.35,0.0
2023-11-18,24.09,31.51,18.32,68.25,2.99,0.0
2023-11-19,25.35,31.79,19.96,72.54,2.57,0.0
2023-11-20,26.39,32.63,21.37,70.45,3.05,0.0
2023-11-21,25.02,31.71,19.76,69.59,3.38,0.0
2023-11-22,23.82,30.78,18.47,67.69,3.59,0.0
2023-11-23,24.2,31.16,18.13,68.09,3.02,0.0
2023-11-24,26.14,31.88,20.66,72.67,3.15,0.01
2023-11-25,26.83,32.55,21.76,70.86,3.28,1.59
2023-11-26,25.79,30.24,22.65,82.77,3.47,6.62
2023-11-27,25.65,29.49,22.69,84.42,2.28,5.52
2023-11-28,24.31,28.87,21.11,83.86,2.14,0.08
2023-11-29,23.3,28.52,19.39,81.23,2.07,0.0
2023-11-30,23.86,29.72,19.74,82.04,2.13,0.08
2023-12-01,23.68,29.49,19.72,83.39,2.07,0.09
2023-12-02,24.91,31.28,19.42,78.83,2.65,0.04
2023-12-03,25.47,31.68,21.47,75.05,3.13,0.0
2023-12-04,26.11,32.13,21.59,75.79,2.82,0.02
2023-12-05,25.52,31.54,20.77,71.85,2.85,0.0
2023-12-06,24.57,29.59,20.05,72.12,3.54,0.0
2023-12-07,24.46,29.8,20.13,73.0,2.61,0.01
2023-12-08,24.19,30.52,18.93,73.51,2.79,0.0
2023-12-09,24.72,31.59,18.75,68.87,2.47,0.0
2023-12-10,24.51,31.49,19.04,71.24,2.71,0.0
2023-12-11,24.28,30.9,19.17,71.95,2.32,0.0
2023-12-12,23.46,30.25,18.03,70.28,2.3,0.0
2023-12-13,23.86,31.12,17.63,67.11,2.32,0.0
2023-12-14,24.02,30.88,18.46,63.28,3.71,0.0
2023-12-15,23.45,30.38,17.58,59.93,3.52,0.0
2023-12-16,22.55,30.23,15.95,60.77,2.47,0.0
2023-12-17,23.55,30.81,17.54,67.15,3.37,0.05
2023-12-18,23.24,28.79,19.71,64.3,5.64,0.33
2023-12-19,23.03,29.51,19.31,60.35,5.33,0.0
2023-12-20,21.87,28.16,17.32,58.44,4.17,0.0
2023-12-21,21.79,27.37,17.83,58.9,3.94,0.0
2023-12-22,23.51,30.83,18.33,52.96,2.72,0.0
2023-12-23,24.49,33.67,18.21,54.41,2.88,0.0
2023-12-24,24.22,33.48,17.5,53.66,3.76,0.0
2023-12-25,24.49,34.44,17.84,53.31,3.86,0.0
2023-12-26,24.08,33.73,17.77,54.22,3.48,0.0
2023-12-27,24.13,33.22,17.51,57.23,3.5,0.0
2023-12-28,24.29,33.18,17.73,58.23,3.31,0.0
2023-12-29,25.22,33.81,18.51,54.61,2.75,0.0
2023-12-30,24.94,33.54,18.73,59.36,3.12,0.0
2023-12-31,25.07,33.56,18.65,58.35,2.82,0.0
2024-01-01,24.68,32.8,18.83,60.93,2.66,0.0
2024-01-02,24.09,32.39,18.17,59.98,2.65,0.0
2024-01-03,23.56,31.84,17.7,58.83,3.0,0.0
2024-01-04,22.72,30.19,17.74,56.52,2.48,0.0
2024-01-05,21.44,29.32,15.48,58.2,2.6,0.0
2024-01-06,23.06,32.18,16.18,59.31,3.3,0.0
2024-01-07,24.34,31.75,18.75,66.73,3.41,0.02
2024-01-08,26.04,33.74,20.81,59.62,3.81,0.05
2024-01-09,25.73,32.4,21.12,64.74,3.23,0.98
2024-01-10,25.92,32.22,20.29,61.47,2.77,0.02
2024-01-11,26.68,33.9,21.16,60.29,2.71,0.0
2024-01-12,26.46,34.97,20.36,54.63,3.59,0.0
2024-01-13,26.0,34.47,20.05,56.25,3.44,0.0
2024-01-14,24.57,32.99,18.51,51.18,3.51,0.0
2024-01-15,22.46,31.48,15.99,46.99,3.51,0.0
2024-01-16,21.47,30.62,14.44,50.53,2.62,0.0
2024-01-17,21.76,29.29,15.56,59.44,2.28,0.0
2024-01-18,22.0,29.41,16.33,60.56,2.22,0.0
2024-01-19,22.18,30.46,15.24,54.63,2.57,0.0
2024-01-20,22.66,29.74,17.85,56.87,2.29,0.0
2024-01-21,22.93,32.55,15.05,50.56,2.77,0.0
2024-01-22,23.03,32.35,16.42,50.34,3.82,0.0
2024-01-23,21.87,31.41,14.75,42.88,3.99,0.0
2024-01-24,21.74,31.96,13.72,39.82,3.56,0.0
2024-01-25,22.39,32.85,13.91,38.69,3.58,0.0
2024-01-26,23.54,33.9,15.71,39.77,3.67,0.0
2024-01-27,24.88,34.96,17.78,41.99,3.01,0.0
2024-01-28,24.99,34.38,18.21,43.14,3.05,0.0
2024-01-29,24.95,34.21,18.09,41.04,3.06,0.0
2024-01-30,24.42,33.18,18.03,42.87,3.02,0.0
2024-01-31,24.11,32.36,18.14,50.28,2.57,0.0
2024-02-01,23.02,30.33,16.97,62.49,2.56,0.04
2024-02-02,23.82,32.46,16.68,58.78,3.05,0.0
2024-02-03,26.23,36.15,18.7,43.6,3.65,0.0
2024-02-04,27.23,36.59,20.45,43.02,3.05,0.0
2024-02-05,27.02,35.53,21.29,44.68,2.72,0.0
2024-02-06,26.68,36.01,19.8,45.82,2.72,0.0
2024-02-07,26.43,35.76,19.35,48.38,3.33,0.0
2024-02-08,26.32,36.82,18.53,41.94,3.45,0.0
2024-02-09,26.04,35.86,18.64,42.83,2.97,0.0
2024-02-10,25.17,34.62,18.07,39.59,3.22,0.0
2024-02-11,24.96,35.01,16.88,36.76,2.93,0.0
2024-02-12,25.42,34.81,18.09,39.34,2.69,0.0
2024-02-13,25.08,34.25,17.55,41.39,2.84,0.0
2024-02-14,25.71,35.96,17.9,32.14,3.8,0.0
2024-02-15,26.63,37.08,18.46,33.67,3.33,0.0
2024-02-16,28.04,37.5,21.15,41.09,3.37,0.0
2024-02-17,28.61,37.78,22.14,38.58,2.65,0.0
2024-02-18,28.23,37.12,21.91,38.04,2.33,0.0
2024-02-19,27.57,36.24,21.36,39.26,2.29,0.0
2024-02-20,26.05,34.35,19.21,55.65,3.05,0.0
2024-02-21,25.18,32.6,19.9,67.66,2.79,0.0
2024-02-22,25.0,32.91,20.06,65.1,2.85,0.0
2024-02-23,24.63,33.49,17.84,54.44,2.97,0.0
2024-02-24,24.68,34.73,16.81,28.2,3.7,0.0
2024-02-25,25.28,36.44,15.55,21.75,3.5,0.0
2024-02-26,28.0,38.04,19.64,31.49,3.16,0.0
2024-02-27,29.1,37.33,23.68,36.8,2.57,0.01
2024-02-28,30.16,39.29,23.13,39.52,3.17,0.0
2024-02-29,30.79,40.05,23.13,40.75,2.66,0.18
2024-03-01,30.23,38.31,25.11,51.93,2.29,0.95
2024-03-02,27.82,34.93,23.01,60.91,3.26,0.37
2024-03-03,25.06,30.41,20.08,63.04,4.2,0.09
2024-03-04,24.15,32.61,17.67,45.96,3.25,0.0
2024-03-05,24.8,35.13,16.1,31.66,3.03,0.0
2024-03-06,25.53,34.49,18.53,29.34,2.72,0.0
2024-03-07,27.12,37.65,17.86,32.64,3.49,0.0
2024-03-08,28.4,38.15,20.27,29.81,4.14,0.0
2024-03-09,28.74,38.82,20.4,29.07,3.55,0.0
2024-03-10,28.33,38.0,20.17,31.3,2.99,0.0
2024-03-11,28.96,39.31,20.65,33.83,3.44,0.02
2024-03-12,28.98,38.82,21.37,42.17,3.42,0.03
2024-03-13,27.69,36.51,21.02,54.48,3.39,0.0
2024-03-14,26.78,35.59,20.5,53.52,3.2,0.0
2024-03-15,25.92,34.75,19.07,50.69,2.59,0.0
2024-03-16,26.32,34.82,19.8,46.77,2.43,0.0
2024-03-17,27.28,36.04,20.45,47.09,2.18,0.0
2024-03-18,27.84,36.71,21.17,50.8,2.36,0.0
2024-03-19,28.27,37.48,20.95,53.7,3.05,0.08
2024-03-20,29.79,40.65,20.08,29.75,3.74,0.02
2024-03-21,30.21,40.15,22.09,22.3,3.35,0.01
2024-03-22,29.91,39.41,23.43,37.13,2.38,0.1
2024-03-23,29.45,38.39,21.74,45.86,3.04,0.02
2024-03-24,29.98,39.08,23.02,49.81,2.78,0.0
2024-03-25,30.2,39.93,22.86,50.83,3.05,0.01
2024-03-26,30.35,40.59,23.15,55.7,2.38,0.02
2024-03-27,30.76,40.74,24.59,56.82,2.52,0.06
2024-03-28,30.72,39.67,24.77,56.87,2.54,0.03
2024-03-29,31.67,39.65,25.59,52.97,2.63,0.25
2024-03-30,31.01,40.13,24.45,53.24,3.1,0.01
2024-03-31,31.52,39.75,25.14,46.06,3.16,0.01
2024-04-01,30.76,39.26,24.42,45.94,3.11,0.0
2024-04-02,30.07,39.27,23.28,47.34,2.78,0.0
2024-04-03,30.32,39.57,23.57,48.47,2.58,0.0
2024-04-04,30.61,40.1,22.9,48.91,3.27,0.0
2024-04-05,31.18,40.47,24.02,53.18,3.32,0.19
2024-04-06,31.6,40.59,24.17,45.42,3.78,0.43
2024-04-07,30.77,39.51,24.79,48.07,3.49,0.0
2024-04-08,30.63,40.39,22.73,52.42,2.6,0.0
2024-04-09,30.93,39.92,24.34,53.32,2.2,0.01
2024-04-10,31.09,40.06,24.09,52.2,2.66,0.01
2024-04-11,31.32,40.84,23.64,46.27,2.79,0.01
2024-04-12,31.09,38.93,25.59,45.51,2.47,0.01
2024-04-13,29.92,38.19,23.91,50.14,2.51,0.0
2024-04-14,30.47,39.64,23.04,54.24,2.67,0.02
2024-04-15,33.32,43.01,25.27,50.75,2.96,0.02
2024-04-16,36.44,43.22,30.17,32.35,4.05,0.02
2024-04-17,35.49,43.41,29.41,35.53,3.08,0.01
2024-04-18,33.91,41.84,27.47,50.19,2.99,0.07
2024-04-19,33.06,39.78,28.13,50.15,3.67,0.05
2024-04-20,32.52,40.53,28.0,49.89,3.29,0.31
2024-04-21,31.63,38.4,26.63,49.78,3.79,0.77
2024-04-22,31.65,38.59,26.54,51.33,3.35,0.16
2024-04-23,31.49,39.32,25.0,50.13,3.31,0.0
2024-04-24,31.55,39.91,25.29,52.67,2.84,0.33
2024-04-25,32.35,40.94,26.22,50.83,2.93,0.21
2024-04-26,32.9,40.55,27.08,50.29,3.72,0.41
2024-04-27,33.98,43.04,26.64,47.74,3.24,0.22
2024-04-28,34.83,44.11,27.45,46.03,3.52,0.03
2024-04-29,34.4,43.21,27.57,41.45,3.87,0.01
2024-04-30,33.84,43.06,26.08,44.3,3.4,0.03
2024-05-01,32.15,40.28,26.16,48.07,3.18,0.0
2024-05-02,31.45,40.56,24.59,49.75,2.67,0.0
2024-05-03,30.95,39.41,23.84,50.19,2.98,0.0
2024-05-04,31.18,39.44,24.36,54.78,3.15,0.01
2024-05-05,32.39,40.86,26.17,56.44,3.54,0.04
2024-05-06,31.72,39.3,26.48,59.1,3.75,0.07
2024-05-07,31.68,39.5,26.22,60.87,3.44,0.06
2024-05-08,31.9,40.67,26.13,55.98,3.07,0.12
2024-05-09,31.33,39.29,25.5,58.65,3.05,0.1
2024-05-10,31.95,40.22,26.48,56.2,2.99,1.41
2024-05-11,32.5,40.45,26.9,53.35,3.38,4.43
2024-05-12,31.4,37.58,26.82,61.88,2.19,7.3
2024-05-13,32.3,39.44,27.09,58.66,1.98,3.05
2024-05-14,32.33,40.26,26.32,59.77,3.13,5.09
2024-05-15,32.26,38.95,26.88,61.98,2.04,8.77
2024-05-16,33.03,40.1,28.05,59.67,2.21,2.38
2024-05-17,32.1,37.52,28.08,64.63,2.19,1.55
2024-05-18,32.94,40.04,27.92,61.18,2.21,0.71
2024-05-19,33.15,40.47,28.15,58.77,2.48,0.86
2024-05-20,32.85,40.37,28.13,61.37,2.81,1.12
2024-05-21,32.49,39.31,28.33,64.86,3.03,0.76
2024-05-22,33.21,40.68,28.23,64.65,2.93,0.82
2024-05-23,33.46,40.08,28.74,58.74,2.93,0.19
2024-05-24,32.49,39.69,27.78,63.89,3.4,0.05
2024-05-25,31.72,37.26,27.99,63.88,4.2,0.13
2024-05-26,31.72,37.53,28.64,64.31,4.32,0.16
2024-05-27,31.81,36.98,28.57,64.38,4.89,0.05
2024-05-28,32.13,37.1,28.86,62.56,5.26,0.07
2024-05-29,31.96,36.73,28.92,66.32,4.91,0.19
2024-05-30,32.05,37.55,28.29,65.76,4.36,0.13
2024-05-31,32.31,38.53,27.76,64.91,3.82,0.11
2024-06-01,32.53,38.1,28.47,62.81,4.04,0.23
2024-06-02,32.38,38.26,28.69,59.97,3.5,0.29
2024-06-03,31.6,36.51,28.44,64.97,3.3,5.19
2024-06-04,30.87,35.38,28.21,72.2,2.58,7.05
2024-06-05,30.86,35.45,27.89,72.27,2.9,4.87
2024-06-06,31.05,36.18,27.94,69.4,3.19,2.85
2024-06-07,30.42,34.21,27.86,72.29,3.12,2.26
2024-06-08,29.23,32.65,26.87,78.47,3.26,23.64
2024-06-09,28.34,30.29,26.95,85.79,2.74,30.5
2024-06-10,28.59,31.67,26.55,80.76,2.85,20.5
2024-06-11,28.42,31.44,26.72,80.31,3.39,7.2
2024-06-12,29.08,32.44,26.59,80.52,3.84,5.78
2024-06-13,29.49,33.03,26.97,79.0,3.85,15.41
2024-06-14,29.24,32.43,26.71,82.54,3.88,14.07
2024-06-15,29.6,33.28,26.9,79.56,3.5,3.19
2024-06-16,29.55,33.66,26.7,77.76,2.61,2.12
2024-06-17,29.24,32.69,26.88,80.44,3.24,4.3
2024-06-18,28.68,32.06,26.75,82.82,3.91,16.5
2024-06-19,28.79,31.35,26.75,82.59,5.4,22.81
2024-06-20,28.83,31.28,27.05,84.56,5.94,32.23
2024-06-21,29.34,31.94,27.53,84.46,5.12,16.57
2024-06-22,29.62,32.5,27.55,82.99,3.31,12.65
2024-06-23,28.7,31.42,26.57,83.23,2.82,13.84
2024-06-24,29.0,33.78,25.59,79.69,2.81,11.49
2024-06-25,28.36,31.88,25.7,82.67,3.33,4.34
2024-06-26,27.95,31.05,25.27,87.6,3.81,20.03
2024-06-27,27.85,29.75,26.84,91.26,8.18,39.71
2024-06-28,27.41,28.33,26.63,92.0,8.29,42.02
2024-06-29,28.45,31.07,26.7,87.34,6.36,20.19
2024-06-30,28.24,30.87,26.46,87.47,6.79,12.74
2024-07-01,28.34,30.71,26.9,86.08,8.88,23.8
2024-07-02,28.15,29.97,26.99,88.01,8.8,25.75
2024-07-03,28.36,31.09,26.73,85.66,7.05,6.79
2024-07-04,28.05,30.15,26.45,87.24,6.02,13.04
2024-07-05,28.0,29.92,26.7,88.6,6.63,18.03
2024-07-06,28.03,29.98,26.7,88.61,7.35,39.52
2024-07-07,27.82,29.94,26.52,90.24,5.6,58.64
2024-07-08,27.57,29.42,26.29,90.94,4.57,56.74
2024-07-09,26.81,28.84,24.89,89.86,3.69,40.59
2024-07-10,26.64,29.6,24.29,88.75,3.5,13.21
2024-07-11,27.37,30.0,25.06,90.23,4.36,20.43
2024-07-12,27.18,28.62,26.23,92.96,5.13,80.45
2024-07-13,27.02,28.1,26.44,93.15,7.05,92.31
2024-07-14,27.19,28.52,26.04,93.61,5.78,53.06
2024-07-15,27.1,29.09,25.18,90.44,3.11,30.52
2024-07-16,25.83,27.43,24.57,89.18,3.16,9.37
2024-07-17,26.79,28.62,24.84,92.55,6.19,25.98
2024-07-18,26.76,28.1,25.98,93.73,7.07,48.74
2024-07-19,26.71,27.93,25.9,93.1,6.85,43.23
2024-07-20,26.47,27.34,25.84,94.34,6.74,69.62
2024-07-21,26.69,27.73,25.94,94.25,5.95,87.64
2024-07-22,26.29,27.48,25.42,94.02,6.19,70.85
2024-07-23,26.54,27.88,25.83,93.88,6.66,61.65
2024-07-24,26.42,27.58,25.8,93.67,6.73,67.36
2024-07-25,25.95,26.82,25.1,92.44,7.29,142.54
2024-07-26,26.44,27.94,25.07,92.1,7.28,21.55
2024-07-27,26.48,27.92,25.45,92.19,6.52,13.78
2024-07-28,26.18,27.3,25.31,93.55,6.02,28.97
2024-07-29,26.35,27.61,25.56,93.76,5.69,41.28
2024-07-30,26.82,28.81,25.5,92.31,5.39,33.89
2024-07-31,27.03,29.24,25.16,92.2,4.83,21.69
2024-08-01,26.74,28.42,25.64,92.64,5.88,28.05
2024-08-02,26.3,27.45,25.47,93.4,6.56,33.26
2024-08-03,26.01,27.08,25.22,93.59,7.56,103.94
2024-08-04,25.98,26.97,25.34,94.4,6.23,41.18
2024-08-05,26.38,28.33,25.17,92.21,5.81,19.7
2024-08-06,26.34,28.27,24.91,91.47,5.13,17.03
2024-08-07,26.55,28.9,24.67,90.71,4.4,11.21
2024-08-08,26.54,28.79,24.89,90.23,4.33,8.99
2024-08-09,26.75,29.28,24.93,90.92,4.22,11.6
2024-08-10,26.63,29.22,24.73,90.84,3.96,9.25
2024-08-11,26.53,28.64,25.01,90.56,4.37,8.32
2024-08-12,26.79,29.38,24.95,89.99,4.08,3.94
2024-08-13,26.97,29.7,24.76,89.53,3.33,2.71
2024-08-14,27.08,30.21,24.77,88.25,2.64,1.02
2024-08-15,27.09,29.92,24.8,88.32,2.77,0.64
2024-08-16,27.24,29.96,25.27,88.44,2.59,1.28
2024-08-17,27.47,30.76,25.14,86.03,1.78,20.13
2024-08-18,27.39,30.55,24.74,89.45,2.6,42.32
2024-08-19,26.87,28.39,25.54,94.14,2.96,19.39
2024-08-20,27.19,29.48,25.67,91.72,2.95,5.64
2024-08-21,27.66,31.07,25.14,88.12,2.06,2.15
2024-08-22,27.83,31.55,25.3,88.44,1.61,3.98
2024-08-23,27.73,30.61,25.66,88.86,2.15,15.2
2024-08-24,26.4,27.81,25.59,93.2,4.21,67.52
2024-08-25,26.29,27.69,25.19,92.45,6.09,58.74
2024-08-26,26.5,27.52,25.78,92.6,6.64,34.42
2024-08-27,26.63,28.37,25.49,90.55,7.83,23.38
2024-08-28,26.6,28.43,25.03,91.1,7.3,15.4
2024-08-29,26.75,28.82,25.56,90.64,6.48,7.8
2024-08-30,26.84,29.17,25.25,89.7,4.71,7.34
2024-08-31,26.49,28.91,24.7,90.24,3.25,3.64
2024-09-01,26.25,28.31,24.53,92.21,3.18,2.75
2024-09-02,25.49,26.87,23.96,93.82,3.38,21.39
2024-09-03,25.13,26.54,23.51,92.46,2.3,13.67
2024-09-04,26.79,29.04,25.19,91.26,5.05,15.46
2024-09-05,26.82,28.89,25.49,91.2,5.19,21.4
2024-09-06,26.79,29.35,25.03,89.96,5.07,14.01
2024-09-07,26.54,29.23,24.7,90.29,3.95,16.13
2024-09-08,26.49,29.05,24.59,91.03,3.42,6.61
2024-09-09,26.79,29.7,24.7,89.52,3.27,9.06
2024-09-10,26.55,29.15,24.71,89.76,3.4,8.47
2024-09-11,26.4,29.09,24.67,90.24,3.77,9.33
2024-09-12,26.39,29.05,24.37,89.71,4.13,6.03
2024-09-13,25.8,28.71,23.7,89.37,3.6,2.91
2024-09-14,26.21,29.15,24.03,87.76,3.76,10.11
2024-09-15,26.39,29.57,24.34,86.78,3.47,11.88
2024-09-16,26.27,29.65,23.91,83.69,2.23,3.16
2024-09-17,25.76,29.32,23.36,84.92,2.81,2.3
2024-09-18,26.0,29.39,23.36,83.9,1.79,0.99
2024-09-19,26.17,29.39,24.15,83.13,1.56,0.1
2024-09-20,26.69,30.15,24.16,83.19,1.75,0.29
2024-09-21,26.57,29.96,24.19,87.2,2.77,0.48
2024-09-22,26.78,30.28,24.52,89.71,3.65,8.46
2024-09-23,27.19,30.16,25.23,91.7,3.46,22.04
2024-09-24,26.73,28.13,26.07,94.3,4.76,45.96
2024-09-25,26.49,27.55,25.3,94.67,5.03,70.9
2024-09-26,26.37,28.61,24.97,92.91,3.58,74.73
2024-09-27,26.27,27.73,25.3,93.29,5.35,66.92
2024-09-28,26.42,28.73,24.84,90.08,3.66,9.71
2024-09-29,26.23,28.97,24.05,90.79,2.77,4.17
2024-09-30,27.33,31.21,24.39,85.53,1.44,1.09
2024-10-01,27.9,32.41,24.17,87.09,2.0,0.5
2024-10-02,27.7,31.36,25.06,89.93,2.11,2.4
2024-10-03,27.26,30.39,24.98,88.56,1.96,1.13
2024-10-04,26.61,30.2,24.02,87.78,2.2,0.18
2024-10-05,26.81,30.78,24.15,85.06,1.88,0.04
2024-10-06,27.57,32.44,22.96,83.32,2.45,6.54
2024-10-07,27.97,32.93,24.01,79.1,3.15,0.39
2024-10-08,27.62,32.34,23.32,80.74,2.77,2.08
2024-10-09,26.2,28.52,24.21,88.78,2.29,7.3
2024-10-10,26.99,31.04,24.14,86.82,2.72,43.1
2024-10-11,27.61,31.98,24.21,86.08,2.98,34.61
2024-10-12,28.12,32.5,24.67,85.78,2.73,1.62
2024-10-13,28.33,31.73,25.66,85.84,1.79,34.7
2024-10-14,28.37,33.17,24.54,83.15,2.24,5.03
2024-10-15,27.96,31.48,25.26,87.6,2.17,9.34
2024-10-16,28.32,32.19,25.16,85.22,2.07,6.89
2024-10-17,27.86,31.37,25.04,86.8,2.5,3.83
2024-10-18,27.45,31.73,23.95,87.62,3.02,6.57
2024-10-19,26.97,29.16,25.55,90.54,1.9,7.19
2024-10-20,27.86,31.41,24.21,82.63,1.78,11.86
2024-10-21,26.63,30.19,23.15,84.35,2.49,1.25
2024-10-22,27.75,32.15,24.2,82.22,2.04,4.38
2024-10-23,27.64,32.14,24.07,83.21,2.43,1.97
2024-10-24,27.14,32.68,22.93,77.82,2.78,0.03
2024-10-25,26.19,32.41,21.6,73.8,3.02,0.0
2024-10-26,25.64,31.79,20.74,76.57,3.25,0.0
2024-10-27,25.39,30.62,20.27,78.1,2.66,0.0
2024-10-28,26.2,31.12,21.42,80.14,2.0,0.0
2024-10-29,26.55,31.4,22.17,80.71,2.19,0.97
2024-10-30,26.81,31.94,22.14,76.92,2.26,0.84
2024-10-31,26.97,32.59,22.32,76.86,3.0,0.04
2024-11-01,26.46,32.31,21.62,74.52,3.23,0.01
2024-11-02,26.0,32.94,20.76,69.49,3.41,0.0
2024-11-03,25.41,31.45,20.33,71.67,3.34,0.0
2024-11-04,25.66,31.8,20.31,72.21,3.33,0.0
2024-11-05,25.49,31.24,20.57,73.02,3.33,0.0
2024-11-06,25.21,32.36,20.25,72.65,3.5,0.0
2024-11-07,24.71,31.64,19.25,74.86,3.82,0.0
2024-11-08,25.03,31.12,20.09,75.02,3.59,0.0
2024-11-09,24.93,31.38,19.73,73.55,3.6,0.0
2024-11-10,24.86,31.28,19.96,73.69,3.4,0.0
2024-11-11,24.12,29.92,19.72,73.58,3.6,0.0
2024-11-12,23.46,29.72,18.85,73.79,4.09,0.0
2024-11-13,23.67,30.73,17.96,74.31,3.97,0.0
2024-11-14,24.65,31.18,18.95,74.54,4.02,0.0
2024-11-15,25.4,30.09,21.21,81.1,3.08,0.45
2024-11-16,26.6,32.27,22.7,76.46,2.16,0.05
2024-11-17,25.51,31.31,21.01,75.89,3.65,0.0
2024-11-18,23.24,30.2,17.84,69.04,4.27,0.01
2024-11-19,22.21,29.07,17.04,71.65,4.19,0.0
2024-11-20,22.0,29.23,16.58,71.79,4.08,0.0
2024-11-21,22.25,29.31,16.56,70.82,3.17,0.0
2024-11-22,22.62,29.51,16.89,70.06,2.84,0.0
2024-11-23,22.92,29.81,16.67,67.02,2.44,0.0
2024-11-24,22.82,29.62,16.9,69.37,2.6,0.0
2024-11-25,22.2,29.01,16.81,70.94,3.75,0.0
2024-11-26,21.17,28.49,15.73,70.21,4.63,0.0
2024-11-27,20.93,28.31,15.45,68.4,4.74,0.0
2024-11-28,20.65,28.22,15.41,68.97,5.04,0.01
2024-11-29,20.11,28.21,13.76,65.87,4.47,0.06
2024-11-30,21.33,29.68,14.47,66.75,3.68,0.0
2024-12-01,23.6,30.18,18.37,79.06,3.09,0.02
2024-12-02,25.36,31.16,21.06,80.17,3.4,0.24
2024-12-03,26.48,31.88,22.47,79.17,3.7,1.14
2024-12-04,26.73,31.9,23.07,82.0,3.05,2.52
2024-12-05,26.72,32.12,22.95,80.89,3.05,0.21
2024-12-06,26.42,31.61,22.86,81.52,2.35,0.02
2024-12-07,24.28,30.41,19.72,76.06,3.05,0.0
2024-12-08,21.71,28.58,16.5,66.95,3.07,0.0
2024-12-09,19.77,28.4,13.19,61.51,3.95,0.0
2024-12-10,20.98,29.63,13.16,62.27,4.07,0.0
2024-12-11,22.4,30.44,16.09,69.82,3.32,0.0
2024-12-12,22.05,29.39,16.21,67.08,2.75,0.0
2024-12-13,21.3,29.36,15.33,66.42,4.82,0.0
2024-12-14,20.8,29.17,13.75,62.04,4.98,0.17
2024-12-15,21.25,30.28,13.73,58.84,4.42,0.23
2024-12-16,21.04,30.48,13.51,53.07,4.01,0.0
2024-12-17,21.06,30.41,13.49,54.29,3.12,0.0
2024-12-18,21.49,30.04,14.39,53.8,2.83,0.0
2024-12-19,21.43,30.33,14.88,62.33,3.05,0.0
2024-12-20,21.72,28.27,17.3,74.79,2.13,0.0
2024-12-21,21.95,28.53,16.3,77.32,2.23,0.0
2024-12-22,22.25,27.7,17.98,84.68,2.31,0.02
2024-12-23,22.07,26.76,19.2,86.32,2.57,0.01
2024-12-24,21.69,28.14,17.49,79.18,2.83,0.0
2024-12-25,21.98,29.54,16.75,77.09,2.41,0.0
2024-12-26,22.68,29.44,17.84,78.33,2.61,0.0
2024-12-27,23.32,29.39,18.51,81.35,2.68,0.01
2024-12-28,23.93,30.2,19.42,79.1,2.44,0.48
2024-12-29,24.68,31.72,19.49,73.57,2.69,0.04
2024-12-30,24.62,31.87,19.45,69.71,3.09,0.0
2024-12-31,24.68,32.93,19.06,65.9,3.18,0.0
2025-01-01,24.25,31.99,18.33,68.91,3.17,0.0
2025-01-02,24.18,33.01,18.0,59.35,3.56,0.0
2025-01-03,22.78,32.73,14.93,51.64,4.12,1.2
2025-01-04,22.4,32.64,15.09,52.93,3.58,0.0
2025-01-05,22.43,31.0,17.17,57.64,2.44,0.0
2025-01-06,21.63,30.08,16.0,61.43,3.17,0.0
2025-01-07,22.27,31.76,14.7,58.15,3.26,0.0
2025-01-08,22.38,31.15,15.45,55.6,3.96,0.02
2025-01-09,22.55,31.16,14.74,47.35,3.88,0.0
2025-01-10,22.74,31.04,15.96,56.5,3.41,0.0
2025-01-11,22.49,28.93,18.59,64.19,2.57,0.0
2025-01-12,22.18,30.66,16.27,64.08,2.99,0.0
2025-01-13,23.7,32.12,16.7,63.03,3.8,0.0
2025-01-14,24.32,32.67,17.85,61.74,3.35,0.0
2025-01-15,24.73,31.89,19.73,66.68,2.91,0.0
2025-01-16,24.19,31.68,18.88,66.17,2.55,0.0
2025-01-17,24.94,32.8,19.41,56.29,4.23,0.0
2025-01-18,24.64,32.83,18.46,51.64,4.66,0.0
2025-01-19,24.09,33.16,17.83,52.92,3.72,0.0
2025-01-20,24.24,33.81,17.32,50.13,3.35,0.0
2025-01-21,23.72,33.54,16.7,50.94,3.02,0.0
2025-01-22,23.63,33.74,16.51,51.95,2.8,0.0
2025-01-23,23.4,33.53,16.03,51.46,3.07,0.0
2025-01-24,24.75,35.53,17.25,53.97,3.39,0.0
2025-01-25,26.19,36.16,19.08,52.91,3.49,0.0
2025-01-26,26.44,36.39,19.6,50.87,3.3,0.0
2025-01-27,26.02,35.93,19.73,49.78,2.85,0.0
2025-01-28,25.55,34.98,19.63,47.92,2.28,0.0
2025-01-29,25.52,35.09,19.56,46.76,2.46,0.0
2025-01-30,24.91,34.96,18.06,49.07,2.89,0.0
2025-01-31,23.58,32.39,17.27,53.3,2.76,0.0
2025-02-01,23.02,31.05,17.22,55.8,2.88,0.0
2025-02-02,24.32,34.24,17.46,47.32,2.59,0.0
2025-02-03,24.27,31.18,20.04,54.08,2.69,0.0
2025-02-04,23.48,31.61,17.79,57.64,3.19,0.0
2025-02-05,23.93,34.22,16.34,46.89,3.45,0.0
2025-02-06,25.5,36.12,17.61,48.34,2.88,0.0
2025-02-07,26.73,36.63,20.07,49.26,3.51,0.0
2025-02-08,27.08,36.41,20.27,47.38,2.7,0.0
2025-02-09,27.21,35.87,21.05,46.35,2.82,0.0
2025-02-10,26.69,35.31,20.8,42.53,3.3,0.0
2025-02-11,25.99,35.3,19.28,40.72,3.19,0.0
2025-02-12,25.88,36.36,18.15,37.42,3.33,0.0
2025-02-13,26.87,38.41,18.19,32.54,3.57,0.0
2025-02-14,27.32,37.95,19.66,32.27,4.0,0.0
2025-02-15,27.51,37.98,19.62,30.96,3.89,0.0
2025-02-16,27.19,37.48,19.65,33.64,3.64,0.01
2025-02-17,27.19,37.68,19.26,40.96,3.35,0.17
2025-02-18,27.59,37.67,19.91,38.47,3.39,0.08
2025-02-19,27.36,37.08,20.23,40.6,3.47,0.0
2025-02-20,28.16,38.08,19.88,35.31,3.96,0.01
2025-02-21,28.94,39.12,21.02,29.24,4.34,0.0
2025-02-22,29.28,39.52,22.16,29.68,4.0,0.0
2025-02-23,29.1,39.15,21.56,28.85,3.84,0.0
2025-02-24,29.17,38.97,21.54,26.56,3.8,0.0
2025-02-25,29.47,39.22,22.43,28.68,3.59,0.0
2025-02-26,29.86,39.66,21.84,32.05,3.06,0.0
2025-02-27,29.84,39.58,22.61,32.37,3.47,0.0
2025-02-28,29.71,38.55,22.56,32.22,3.09,0.0
2025-03-01,29.61,38.77,22.81,35.58,3.22,0.01
2025-03-02,29.43,39.28,22.39,34.91,3.75,0.0
2025-03-03,29.92,39.98,21.82,31.6,4.4,0.49
2025-03-04,29.9,39.1,22.69,27.22,4.99,0.0
2025-03-05,29.34,40.43,20.12,18.57,4.05,0.0
2025-03-06,28.67,39.96,19.72,17.61,4.34,0.0
2025-03-07,29.04,40.09,20.16,21.5,3.85,0.0
2025-03-08,29.14,39.38,21.28,31.87,3.26,0.0
2025-03-09,30.18,41.58,21.1,39.44,3.17,0.0
2025-03-10,31.55,42.01,23.17,29.08,3.38,0.0
2025-03-11,31.97,41.18,25.24,35.49,3.24,0.0
2025-03-12,31.63,41.14,24.93,40.79,2.58,0.04
2025-03-13,31.33,40.62,24.27,41.68,2.95,0.07
2025-03-14,30.55,39.68,23.33,45.59,3.11,0.04
2025-03-15,30.33,39.9,22.3,45.16,3.19,0.02
2025-03-16,30.04,38.98,23.75,45.97,3.49,0.0
2025-03-17,29.52,37.91,22.97,42.97,3.76,0.61
2025-03-18,29.41,38.65,22.76,43.21,2.74,0.02
2025-03-19,28.73,38.14,21.66,48.4,2.61,0.0
2025-03-20,29.23,38.09,21.72,40.1,3.98,0.0
2025-03-21,27.68,35.82,22.39,48.31,3.25,0.0
2025-03-22,28.84,37.96,21.2,44.3,2.81,0.11
2025-03-23,30.07,40.43,21.55,43.43,2.45,0.26
2025-03-24,30.72,40.94,23.14,46.84,2.38,0.1
2025-03-25,30.67,40.96,23.14,39.7,2.96,0.48
2025-03-26,29.33,37.54,24.35,51.77,2.76,0.07
2025-03-27,28.63,35.68,23.16,52.73,3.23,0.0
2025-03-28,29.84,38.99,22.34,46.97,3.04,0.0
2025-03-29,31.78,42.15,23.48,23.77,3.39,0.0
2025-03-30,32.06,41.63,25.52,28.11,2.61,0.22
2025-03-31,32.49,42.04,25.83,40.92,2.11,0.33
2025-04-01,32.48,39.46,26.4,37.36,2.38,0.1
2025-04-02,33.0,41.21,27.47,39.44,3.12,0.16
2025-04-03,30.55,37.28,25.58,57.68,2.42,1.56
2025-04-04,30.67,38.2,25.62,53.09,2.65,1.18
2025-04-05,31.68,41.06,23.56,39.45,3.51,2.1
2025-04-06,32.01,42.44,23.78,42.12,3.32,0.47
2025-04-07,32.6,42.92,24.21,40.05,3.42,0.01
2025-04-08,33.21,43.49,25.56,30.76,3.37,0.0
2025-04-09,32.71,43.19,25.45,41.76,3.14,0.02
2025-04-10,31.19,40.21,24.65,57.75,3.03,0.04
2025-04-11,30.25,37.77,24.42,56.84,2.94,0.01
2025-04-12,29.91,38.32,23.62,57.67,2.8,0.0
2025-04-13,31.21,40.77,23.1,52.92,3.44,0.0
2025-04-14,31.71,41.35,23.79,47.64,4.35,0.0
2025-04-15,31.08,40.7,23.29,51.84,3.66,0.0
2025-04-16,30.8,39.8,24.83,60.95,3.09,0.0
2025-04-17,30.89,39.78,25.38,58.98,2.74,0.0
2025-04-18,31.07,39.23,25.33,58.49,2.73,0.0
2025-04-19,31.3,39.54,25.3,56.71,3.12,0.0
2025-04-20,31.14,39.86,24.2,53.89,3.15,0.0
2025-04-21,31.38,40.27,24.92,56.84,3.06,0.07
2025-04-22,32.04,41.03,24.15,50.28,3.25,0.03
2025-04-23,32.48,41.66,26.02,49.17,2.46,0.22
2025-04-24,32.0,40.58,25.66,49.69,2.34,0.03
2025-04-25,31.43,39.11,25.71,46.44,2.46,0.0
2025-04-26,31.63,40.44,25.38,48.24,2.33,0.01
2025-04-27,32.0,41.28,24.4,50.96,3.01,0.0
2025-04-28,32.22,41.26,25.24,52.29,2.78,0.03
2025-04-29,31.48,39.58,25.09,54.1,2.67,0.02
2025-04-30,31.56,39.15,24.9,54.02,2.85,0.08
2025-05-01,32.02,41.48,24.51,54.24,3.46,0.04
2025-05-02,32.26,41.29,24.76,53.25,3.4,0.01
2025-05-03,31.55,39.9,25.85,53.47,2.87,0.03
2025-05-04,29.54,35.18,24.79,59.54,2.93,0.02
2025-05-05,30.58,37.49,25.7,61.88,2.62,0.04
2025-05-06,29.53,34.55,26.06,61.27,2.41,1.96
2025-05-07,28.52,32.79,25.85,69.58,3.66,11.4
2025-05-08,27.9,30.9,25.82,78.09,3.56,16.0
2025-05-09,28.68,33.41,25.08,75.34,3.56,9.76
2025-05-10,29.46,35.77,24.97,68.94,2.79,3.14
2025-05-11,30.0,36.86,25.28,63.86,2.62,2.27
2025-05-12,30.54,36.47,26.4,64.26,2.48,1.69
2025-05-13,30.67,35.67,27.16,65.33,2.04,8.18
2025-05-14,30.94,37.52,27.06,65.6,2.08,5.56
2025-05-15,30.49,35.52,26.87,69.38,2.05,3.36
2025-05-16,30.02,34.46,27.12,72.07,2.54,2.52
2025-05-17,29.98,34.78,26.73,72.55,2.7,4.57
2025-05-18,30.03,33.99,27.0,72.92,2.4,3.56
2025-05-19,28.93,32.7,26.94,80.02,2.65,9.43
2025-05-20,29.61,33.3,26.9,81.77,2.31,28.04
2025-05-21,29.1,32.38,27.09,83.04,2.14,11.29
2025-05-22,28.57,31.34,26.87,83.3,1.66,16.94
2025-05-23,29.62,34.21,26.33,77.21,2.25,5.02
2025-05-24,28.48,30.68,26.7,84.38,2.37,31.52
2025-05-25,27.79,29.85,26.57,86.53,4.43,68.55
2025-05-26,28.04,30.87,26.15,86.8,5.49,100.34
2025-05-27,27.43,29.0,26.37,89.56,3.84,33.64
2025-05-28,28.25,30.74,26.46,88.13,3.98,13.21
2025-05-29,28.33,30.43,26.9,88.6,4.2,10.94
2025-05-30,28.86,31.93,26.71,82.54,4.71,1.1
2025-05-31,28.78,32.12,26.65,81.77,4.74,2.77
2025-06-01,28.89,32.34,26.45,82.82,4.98,7.89
2025-06-02,28.41,31.32,26.35,84.43,5.08,5.06
2025-06-03,28.28,31.48,25.65,84.52,4.94,11.28
2025-06-04,27.98,31.12,25.65,83.16,3.62,6.15
2025-06-05,28.16,31.91,25.16,81.56,2.43,3.75
2025-06-06,28.17,31.72,25.68,82.59,2.44,11.87
2025-06-07,27.69,31.37,25.61,84.61,2.36,15.46
2025-06-08,28.34,32.4,25.27,81.89,2.55,0.57
2025-06-09,28.45,31.87,25.97,81.76,3.73,0.19
2025-06-10,28.51,32.56,25.11,79.95,3.46,0.41
2025-06-11,28.52,31.56,26.1,83.45,3.65,2.94
2025-06-12,28.35,30.47,26.99,89.0,4.44,14.24
2025-06-13,27.81,29.5,26.44,89.31,4.14,25.31
2025-06-14,28.28,30.75,26.5,89.91,2.74,25.92
2025-06-15,27.63,29.01,26.59,93.16,3.72,47.35
2025-06-16,27.37,29.03,26.62,91.02,7.12,93.66
2025-06-17,28.04,30.13,26.59,86.35,7.82,23.92
2025-06-18,27.91,29.7,26.47,88.7,7.05,88.05
2025-06-19,27.38,28.84,26.47,90.74,6.72,55.21
2025-06-20,27.75,29.89,26.12,88.72,6.68,16.29
2025-06-21,27.61,29.91,26.21,88.63,6.24,11.84
2025-06-22,27.48,29.61,25.88,88.28,6.43,13.85
2025-06-23,27.38,29.48,25.95,88.5,7.24,29.96
2025-06-24,27.29,29.23,25.89,89.75,6.63,22.52
2025-06-25,27.45,29.54,26.12,88.88,6.8,10.67
2025-06-26,27.23,29.2,25.93,89.04,6.57,16.88
2025-06-27,27.11,28.94,25.95,89.33,6.92,20.06
2025-06-28,27.06,29.28,25.32,87.28,7.45,12.15
2025-06-29,26.75,28.26,25.66,90.34,6.47,12.81
2025-06-30,27.05,28.78,25.82,89.31,6.82,16.89
2025-07-01,26.73,28.46,25.41,90.0,6.17,21.23
2025-07-02,26.55,27.87,25.51,91.28,5.47,32.22
2025-07-03,26.79,28.5,25.65,89.93,7.05,36.59
2025-07-04,26.84,28.69,25.63,89.85,7.45,27.31
2025-07-05,26.61,28.16,25.61,91.31,6.78,42.63
2025-07-06,26.55,28.28,25.25,90.09,6.96,30.2
2025-07-07,26.54,28.12,25.42,89.8,6.04,14.49
2025-07-08,26.49,28.17,25.13,90.65,5.59,8.2
2025-07-09,26.44,28.1,25.13,90.84,5.13,16.02
2025-07-10,26.73,28.95,24.96,90.55,4.52,9.58
2025-07-11,26.77,29.06,25.13,90.09,4.19,12.23
2025-07-12,26.73,29.14,25.0,89.88,4.49,11.73
2025-07-13,26.8,29.26,24.93,89.74,4.95,11.93
2025-07-14,26.91,28.9,25.26,90.52,6.1,31.44
2025-07-15,26.94,29.09,25.5,90.66,5.14,39.11
2025-07-16,26.83,29.29,25.25,90.72,4.05,9.19
2025-07-17,26.68,29.23,24.84,89.74,3.45,2.21
2025-07-18,26.79,29.53,24.67,88.48,3.65,2.04
2025-07-19,26.78,29.49,24.74,89.53,3.88,6.0
2025-07-20,27.09,29.86,24.84,88.76,3.97,22.0
2025-07-21,26.9,29.16,25.24,90.87,4.23,47.27
2025-07-22,26.74,28.7,25.18,90.66,4.37,35.44
2025-07-23,26.48,28.1,25.23,91.73,5.03,53.02
2025-07-24,26.71,28.59,25.42,91.19,5.59,41.4
2025-07-25,26.5,28.12,25.24,91.9,6.0,57.88
2025-07-26,26.1,27.36,25.3,92.51,6.68,54.89
2025-07-27,26.1,27.65,25.19,90.58,7.33,27.16
2025-07-28,26.02,27.77,24.84,89.98,7.51,16.23
2025-07-29,25.77,27.26,24.78,90.45,7.48,14.29
2025-07-30,25.87,27.52,24.7,91.19,5.72,9.63
2025-07-31,26.15,28.37,24.66,90.38,5.73,6.84
2025-08-01,26.1,28.64,24.25,90.25,4.75,3.94
2025-08-02,25.9,28.31,23.97,90.73,3.78,6.59
2025-08-03,26.26,29.35,23.95,89.67,3.4,4.35
2025-08-04,26.3,29.12,24.17,89.53,3.18,1.83
2025-08-05,26.35,29.56,24.32,89.21,2.74,3.74
2025-08-06,26.58,29.75,24.01,88.0,2.42,4.55
2025-08-07,26.54,28.98,24.91,88.8,2.54,4.13
2025-08-08,26.47,29.29,24.45,88.25,2.11,3.4
2025-08-09,26.35,29.02,24.43,87.62,2.29,9.14
2025-08-10,26.23,29.3,24.14,87.57,2.17,11.53
2025-08-11,26.28,28.65,24.27,89.3,3.09,13.59
2025-08-12,26.26,29.14,24.23,88.8,2.82,5.51
2025-08-13,26.16,28.81,24.39,90.4,3.02,26.15
2025-08-14,26.1,28.21,24.48,90.64,3.59,20.51
2025-08-15,25.72,27.8,24.3,92.22,3.1,53.06
2025-08-16,25.75,27.82,24.39,92.74,3.79,69.3
2025-08-17,26.08,27.94,24.73,93.43,4.75,60.78
2025-08-18,25.64,26.63,24.88,93.61,7.01,96.42
2025-08-19,25.59,26.88,24.68,93.58,7.22,142.85
2025-08-20,25.55,26.93,24.52,92.0,7.65,69.09
2025-08-21,25.99,27.95,24.62,90.71,6.35,10.82
2025-08-22,25.99,28.19,24.43,89.86,5.83,8.08
2025-08-23,25.82,27.89,24.48,89.15,6.25,9.05
2025-08-24,25.88,28.39,24.26,88.07,6.3,11.13
2025-08-25,25.55,27.31,24.39,90.68,5.72,26.8
2025-08-26,25.64,27.69,24.27,91.85,4.79,16.08
2025-08-27,25.81,27.51,24.06,92.52,2.87,19.75
2025-08-28,25.98,28.45,24.51,92.99,3.31,15.99
2025-08-29,26.18,28.73,24.11,91.01,2.67,28.51
2025-08-30,26.36,29.06,24.5,91.58,3.52,7.57
2025-08-31,26.32,28.99,24.49,91.56,4.21,12.1
2025-09-01,24.9,26.51,24.03,94.33,3.47,14.62
2025-09-02,25.34,27.14,24.17,93.33,3.02,15.76
2025-09-03,25.47,27.58,24.28,92.51,3.0,10.43
2025-09-04,24.84,25.8,24.17,94.12,2.61,7.7
2025-09-05,24.83,26.32,23.85,94.36,2.61,11.6
2025-09-06,25.02,26.26,24.24,93.87,2.87,15.71
2025-09-07,25.13,26.5,24.15,92.38,3.3,9.02
2025-09-08,25.44,28.19,23.54,90.25,2.59,3.14
2025-09-09,25.52,29.15,22.96,87.44,1.81,1.05
2025-09-10,25.82,29.64,23.26,84.52,1.32,0.29
2025-09-11,25.85,29.6,23.52,84.85,1.46,2.48
2025-09-12,25.9,29.14,23.81,86.16,1.8,4.71
2025-09-13,25.49,28.72,23.72,89.79,1.6,13.46
2025-09-14,25.42,28.12,23.71,93.05,1.93,27.43
2025-09-15,24.78,25.49,24.27,96.2,2.2,64.69
2025-09-16,25.18,26.66,23.97,93.98,1.64,17.94
2025-09-17,25.74,28.67,23.89,90.98,1.38,13.63
2025-09-18,25.81,28.23,24.32,90.89,1.54,16.39
2025-09-19,25.77,28.34,24.28,91.27,1.74,17.95
2025-09-20,25.72,28.05,24.02,90.75,1.89,16.2
2025-09-21,25.98,28.79,24.76,90.59,1.89,17.89
2025-09-22,25.53,27.64,24.46,92.16,1.91,19.96
2025-09-23,24.95,26.81,23.98,92.91,1.84,4.82
2025-09-24,25.74,29.03,23.69,86.44,1.83,3.26
2025-09-25,25.47,29.12,23.06,87.47,1.69,3.44
2025-09-26,25.93,29.21,23.66,86.72,1.54,8.32
2025-09-27,25.52,27.68,24.29,92.68,2.39,18.01
2025-09-28,24.37,25.17,23.8,96.43,4.43,95.1
2025-09-29,24.38,25.91,22.96,91.26,4.27,7.25
2025-09-30,-999.0,-999.0,-999.0,-999.0,-999.0,-999.0
2025-10-01,-999.0,-999.0,-999.0,-999.0,-999.0,-999.0
2025-10-02,-999.0,-999.0,-999.0,-999.0,-999.0,-999.0
