date,T2M,RH2M,heat_index_c,heat_index_f,heat_risk_level,heat_risk_color
2023-10-03,26.24,85.85,28.437447080100508,83.18740474418091,Caution,yellow
2023-10-04,26.26,86.57,28.52302130715556,83.34143835288,Caution,yellow
2023-10-05,25.82,87.03,27.50914481096696,81.51646065974053,Caution,yellow
2023-10-06,26.09,85.84,28.08829736379553,82.55893525483195,Caution,yellow
2023-10-07,26.49,86.21,29.058232219719635,84.30481799549534,Caution,yellow
2023-10-08,27.15,83.12,30.402789981681696,86.72502196702706,Caution,yellow
2023-10-09,26.84,82.8,29.62981698927576,85.33367058069636,Caution,yellow
2023-10-10,25.99,83.43,27.77116621220462,81.98809918196831,Caution,yellow
2023-10-11,26.17,81.64,28.07429651671604,82.53373373008887,Caution,yellow
2023-10-12,27.44,77.74,30.47597528261018,86.85675550869833,Caution,yellow
2023-10-13,27.74,76.37,30.96954181451243,87.74517526612237,Caution,yellow
2023-10-14,27.78,72.26,30.525624095328016,86.94612337159043,Caution,yellow
2023-10-15,27.44,77.19,30.41215775593912,86.74188396069042,Caution,yellow
2023-10-16,27.76,76.57,31.040375380528044,87.87267568495048,Caution,yellow
2023-10-17,27.63,75.47,30.61596477320269,87.10873659176484,Caution,yellow
2023-10-18,26.96,77.28,29.406397937175615,84.93151628691611,Caution,yellow
2023-10-19,27.04,75.36,29.39452797035114,84.91015034663205,Caution,yellow
2023-10-20,27.72,74.32,30.662477846399934,87.19246012351988,Caution,yellow
2023-10-21,27.46,76.12,30.331767418283018,86.59718135290943,Caution,yellow
2023-10-22,27.48,77.2,30.50066640684348,86.90119953231826,Caution,yellow
2023-10-23,26.83,73.63,28.85042404142612,83.93076327456701,Caution,yellow
2023-10-24,26.68,73.59,28.577268025070296,83.43908244512653,Caution,yellow
2023-10-25,25.92,71.17,26.42588333333334,79.56659,Low Risk,green
2023-10-26,25.32,65.69,25.622794444444438,78.12102999999999,Low Risk,green
2023-10-27,24.73,64.9,24.953166666666675,76.91570000000002,Low Risk,green
2023-10-28,25.12,64.73,25.377727777777782,77.67991,Low Risk,green
2023-10-29,25.26,63.93,25.510838888888898,77.91951000000002,Low Risk,green
2023-10-30,25.0,65.25,25.259305555555557,77.46675,Low Risk,green
2023-10-31,24.78,67.0,25.063000000000002,77.1134,Low Risk,green
2023-11-01,24.59,70.12,24.93546666666667,76.88384,Low Risk,green
2023-11-02,24.93,69.93,25.304505555555554,77.54811,Low Risk,green
2023-11-03,25.31,69.14,25.701877777777767,78.26337999999998,Low Risk,green
2023-11-04,25.78,66.62,26.153077777777778,79.07554,Low Risk,green
2023-11-05,26.29,72.09,27.826519834328305,82.08773570179095,Caution,yellow
2023-11-06,25.16,71.9,25.608944444444447,78.0961,Low Risk,green
2023-11-07,25.66,76.32,26.274355555555555,79.29384,Low Risk,green
2023-11-08,26.07,81.78,27.874036040701938,82.17326487326349,Caution,yellow
2023-11-09,26.56,82.13,28.93960318020526,84.09128572436947,Caution,yellow
2023-11-10,25.68,86.64,26.56582222222222,79.81848,Low Risk,green
2023-11-11,26.08,74.28,27.584341469608084,81.65181464529455,Caution,yellow
2023-11-12,25.8,70.49,26.276127777777774,79.29702999999999,Low Risk,green
2023-11-13,24.98,70.54,25.375433333333334,77.67578,Low Risk,green
2023-11-14,24.93,67.93,25.252283333333335,77.45411,Low Risk,green
2023-11-15,24.24,68.0,24.495111111111115,76.0912,Low Risk,green
2023-11-16,24.22,66.02,24.42141111111112,75.95854000000001,Low Risk,green
2023-11-17,23.92,66.33,24.099505555555563,75.37911000000001,Low Risk,green
2023-11-18,24.09,68.25,24.336638888888885,75.80595,Low Risk,green
2023-11-19,25.35,72.54,25.83465555555555,78.50237999999999,Low Risk,green
2023-11-20,26.39,70.45,27.898168763310082,82.21670377395814,Caution,yellow
2023-11-21,25.02,69.59,25.394627777777778,77.71033,Low Risk,green
2023-11-22,23.82,67.69,24.025016666666673,75.24503000000001,Low Risk,green
2023-11-23,24.2,68.09,24.453461111111114,76.01623000000001,Low Risk,green
2023-11-24,26.14,72.67,27.613815027195255,81.70486704895146,Caution,yellow
2023-11-25,26.83,70.86,28.63728905768666,83.547120303836,Caution,yellow
2023-11-26,25.79,82.77,26.585772222222218,79.85439,Low Risk,green
2023-11-27,25.65,84.42,26.474855555555564,79.65474000000002,Low Risk,green
2023-11-28,24.31,83.86,24.98623333333332,76.97521999999998,Low Risk,green
2023-11-29,23.3,81.23,23.806561111111105,74.85180999999999,Low Risk,green
2023-11-30,23.86,82.04,24.443711111111114,75.99868000000001,Low Risk,green
2023-12-01,23.68,83.39,24.280961111111115,75.70573,Low Risk,green
2023-12-02,24.91,78.83,25.514894444444437,77.92680999999999,Low Risk,green
2023-12-03,25.47,75.05,26.032194444444446,78.85795,Low Risk,green
2023-12-04,26.11,75.79,27.698372593719803,81.85707066869564,Caution,yellow
2023-12-05,25.52,71.85,26.00363888888889,78.80655,Low Risk,green
2023-12-06,24.57,72.12,24.965688888888888,76.93824,Low Risk,green
2023-12-07,24.46,73.0,24.86766666666667,76.76180000000001,Low Risk,green
2023-12-08,24.19,73.51,24.583983333333336,76.25117,Low Risk,green
2023-12-09,24.72,68.87,25.045827777777774,77.08248999999999,Low Risk,green
2023-12-10,24.51,71.24,24.87671111111111,76.77808,Low Risk,green
2023-12-11,24.28,71.95,24.642249999999997,76.35605,Low Risk,green
2023-12-12,23.46,70.28,23.696644444444452,74.65396000000001,Low Risk,green
2023-12-13,23.86,67.11,24.05387222222222,75.29697,Low Risk,green
2023-12-14,24.02,63.28,24.129866666666665,75.43375999999999,Low Risk,green
2023-12-15,23.45,59.93,23.415394444444438,74.14770999999999,Low Risk,green
2023-12-16,22.55,60.77,22.44732777777778,72.40519,Low Risk,green
2023-12-17,23.55,67.15,23.713916666666663,74.68504999999999,Low Risk,green
2023-12-18,23.24,64.3,23.298499999999997,73.9373,Low Risk,green
2023-12-19,23.03,60.35,22.964361111111113,73.33585000000001,Low Risk,green
2023-12-20,21.87,58.44,21.638488888888883,70.94927999999999,Low Risk,green
2023-12-21,21.79,58.9,21.562499999999993,70.81249999999999,Low Risk,green
2023-12-22,23.51,52.96,23.2994,73.93892,Low Risk,green
2023-12-23,24.49,54.41,24.41526111111111,75.94747,Low Risk,green
2023-12-24,24.22,53.66,24.09867777777778,75.37762000000001,Low Risk,green
2023-12-25,24.49,53.31,24.38653888888889,75.89577,Low Risk,green
2023-12-26,24.08,54.22,23.959299999999992,75.12673999999998,Low Risk,green
2023-12-27,24.13,57.23,24.09289444444444,75.36720999999999,Low Risk,green
2023-12-28,24.29,58.23,24.295005555555555,75.73101,Low Risk,green
2023-12-29,25.22,54.61,25.22348333333334,77.40227000000002,Low Risk,green
2023-12-30,24.94,59.36,25.03951111111111,77.07112,Low Risk,green
2023-12-31,25.07,58.35,25.15613888888889,77.28105000000001,Low Risk,green
2024-01-01,24.68,60.93,24.794505555555556,76.63011,Low Risk,green
2024-01-02,24.09,59.98,24.120699999999992,75.41725999999998,Low Risk,green
2024-01-03,23.56,58.83,23.507672222222233,74.31381000000002,Low Risk,green
2024-01-04,22.72,56.52,22.523355555555565,72.54204000000001,Low Risk,green
2024-01-05,21.44,58.2,21.159222222222215,70.08659999999999,Low Risk,green
2024-01-06,23.06,59.31,22.97020555555555,73.34637,Low Risk,green
2024-01-07,24.34,66.73,24.57195,76.22951,Low Risk,green
2024-01-08,26.04,59.62,26.256300000000003,79.26134,Low Risk,green
2024-01-09,25.73,64.74,26.048988888888882,78.88817999999999,Low Risk,green
2024-01-10,25.92,61.47,26.17260555555556,79.11069,Low Risk,green
2024-01-11,26.68,60.29,27.706108123619153,81.87099462251447,Caution,yellow
2024-01-12,26.46,54.63,26.58800555555555,79.85840999999999,Low Risk,green
2024-01-13,26.0,56.25,26.12430555555556,79.02375,Low Risk,green
2024-01-14,24.57,51.18,24.41892222222222,75.95406,Low Risk,green
2024-01-15,22.46,46.99,21.988516666666666,71.57933,Low Risk,green
2024-01-16,21.47,50.53,20.99195,69.78551,Low Risk,green
2024-01-17,21.76,59.44,21.5436,70.77848,Low Risk,green
2024-01-18,22.0,60.56,21.836844444444445,71.30632,Low Risk,green
2024-01-19,22.18,54.63,21.880005555555556,71.38401,Low Risk,green
2024-01-20,22.66,56.87,22.466494444444443,72.43969,Low Risk,green
2024-01-21,22.93,50.56,22.59873333333334,72.67772000000001,Low Risk,green
2024-01-22,23.03,50.34,22.702988888888893,72.86538,Low Risk,green
2024-01-23,21.87,42.88,21.232199999999995,70.21795999999999,Low Risk,green
2024-01-24,21.74,39.82,21.009299999999996,69.81674,Low Risk,green
2024-01-25,22.39,38.69,21.694794444444444,71.05063,Low Risk,green
2024-01-26,23.54,39.77,22.987994444444453,73.37839000000001,Low Risk,green
2024-01-27,24.88,41.99,24.5199611111111,76.13592999999999,Low Risk,green
2024-01-28,24.99,43.14,24.67098888888889,76.40778,Low Risk,green
2024-01-29,24.95,41.04,24.57215555555556,76.22988000000001,Low Risk,green
2024-01-30,24.42,42.87,24.03693888888889,75.26649,Low Risk,green
2024-01-31,24.11,50.28,23.88942222222222,75.00095999999999,Low Risk,green
2024-02-01,23.02,62.49,23.009238888888888,73.41663,Low Risk,green
2024-02-02,23.82,58.78,23.792366666666666,74.82626,Low Risk,green
2024-02-03,26.23,43.6,26.046999999999993,78.88459999999999,Low Risk,green
2024-02-04,27.23,43.02,27.203059139649504,80.96550645136911,Caution,yellow
2024-02-05,27.02,44.68,27.125020374741414,80.82503667453454,Caution,yellow
2024-02-06,26.68,45.82,26.59996666666667,79.87994,Low Risk,green
2024-02-07,26.43,48.38,26.391811111111117,79.50526,Low Risk,green
2024-02-08,26.32,41.94,26.10265555555556,78.98478000000001,Low Risk,green
2024-02-09,26.04,42.83,25.81789444444445,78.47221,Low Risk,green
2024-02-10,25.17,39.59,24.77629444444445,76.59733000000001,Low Risk,green
2024-02-11,24.96,36.76,24.4714,76.04852,Low Risk,green
2024-02-12,25.42,39.34,25.044766666666664,77.08058,Low Risk,green
2024-02-13,25.08,41.39,24.72429444444444,76.50372999999999,Low Risk,green
2024-02-14,25.71,32.14,25.175766666666682,77.31638000000002,Low Risk,green
2024-02-15,26.63,33.67,26.227716666666666,79.20989,Low Risk,green
2024-02-16,28.04,41.09,27.77522677410508,81.99540819338914,Caution,yellow
2024-02-17,28.61,38.58,28.11078256199332,82.59940861158798,Caution,yellow
2024-02-18,28.23,38.04,27.731363885177853,81.91645499332013,Caution,yellow
2024-02-19,27.57,39.26,27.25895907048986,81.06612632688174,Caution,yellow
2024-02-20,26.05,55.65,26.163638888888887,79.09455,Low Risk,green
2024-02-21,25.18,67.66,25.520233333333334,77.93642,Low Risk,green
2024-02-22,25.0,65.1,25.255388888888895,77.45970000000001,Low Risk,green
2024-02-23,24.63,54.44,24.57004444444444,76.22608,Low Risk,green
2024-02-24,24.68,28.2,23.93988888888889,75.0918,Low Risk,green
2024-02-25,25.28,21.75,24.431472222222226,75.97665,Low Risk,green
2024-02-26,28.0,31.49,27.166563358192015,80.89981404474563,Caution,yellow
2024-02-27,29.1,36.8,28.431703020032987,83.17706543605938,Caution,yellow
2024-02-28,30.16,39.52,29.81874663880679,85.67374394985222,Caution,yellow
2024-02-29,30.79,40.75,30.74891672258103,87.34805010064585,Caution,yellow
2024-03-01,30.23,51.93,31.722397256695963,89.10031506205273,Caution,yellow
2024-03-02,27.82,60.91,29.282654879183333,84.70877878253,Caution,yellow
2024-03-03,25.06,63.04,25.267599999999998,77.48168,Low Risk,green
2024-03-04,24.15,45.96,23.820622222222223,74.87712,Low Risk,green
2024-03-05,24.8,31.66,24.162233333333333,75.49202,Low Risk,green
2024-03-06,25.53,29.34,24.90465555555556,76.82838000000001,Low Risk,green
2024-03-07,27.12,32.64,26.60389582455253,79.88701248419456,Low Risk,green
2024-03-08,28.4,29.81,27.384861888964835,81.29275140013671,Caution,yellow
2024-03-09,28.74,29.07,27.612166214630278,81.7018991863345,Caution,yellow
2024-03-10,28.33,31.3,27.40713279186452,81.33283902535614,Caution,yellow
2024-03-11,28.96,33.83,28.080694856070732,82.54525074092732,Caution,yellow
2024-03-12,28.98,42.17,28.786410907954778,83.8155396343186,Caution,yellow
2024-03-13,27.69,54.48,28.487197414152863,83.27695534547516,Caution,yellow
2024-03-14,26.78,53.52,27.413487083808327,81.34427675085499,Caution,yellow
2024-03-15,25.92,50.69,25.891127777777783,78.60403000000001,Low Risk,green
2024-03-16,26.32,46.77,26.228772222222226,79.21179000000001,Low Risk,green
2024-03-17,27.28,47.09,27.494677223311484,81.49041900196067,Caution,yellow
2024-03-18,27.84,50.8,28.34016599141788,83.01229878455219,Caution,yellow
2024-03-19,28.27,53.7,29.136078663558433,84.44494159440518,Caution,yellow
2024-03-20,29.79,29.75,28.54209127514243,83.37576429525637,Caution,yellow
2024-03-21,30.21,22.3,28.49453250329535,83.29015850593163,Caution,yellow
2024-03-22,29.91,37.13,29.28043356328316,84.70478041390969,Caution,yellow
2024-03-23,29.45,45.86,29.727080859558832,85.5087455472059,Caution,yellow
2024-03-24,29.98,49.81,30.989905783128943,87.7818304096321,Caution,yellow
2024-03-25,30.2,50.83,31.486651241728666,88.6759722351116,Caution,yellow
2024-03-26,30.35,55.7,32.62417197579226,90.72350955642607,Extreme Caution,orange
2024-03-27,30.76,56.82,33.61490755359317,92.50683359646771,Extreme Caution,orange
2024-03-28,30.72,56.87,33.54947497200009,92.38905494960017,Extreme Caution,orange
2024-03-29,31.67,52.97,34.462403438958006,94.03232619012441,Extreme Caution,orange
2024-03-30,31.01,53.24,33.299667653960604,91.93940177712909,Extreme Caution,orange
2024-03-31,31.52,46.06,32.68631158893311,90.83536086007959,Extreme Caution,orange
2024-04-01,30.76,45.94,31.507181119299048,88.71292601473829,Caution,yellow
2024-04-02,30.07,47.34,30.74320920660202,87.33777657188364,Caution,yellow
2024-04-03,30.32,48.47,31.277580590649293,88.29964506316873,Caution,yellow
2024-04-04,30.61,48.91,31.790111769376423,89.22220118487756,Caution,yellow
2024-04-05,31.18,53.18,33.594866305572396,92.4707593500303,Extreme Caution,orange
2024-04-06,31.6,45.42,32.687615475263975,90.83770785547514,Extreme Caution,orange
2024-04-07,30.77,48.07,31.888591318224737,89.39946437280453,Caution,yellow
2024-04-08,30.63,52.42,32.46980334999593,90.44564602999267,Extreme Caution,orange
2024-04-09,30.93,53.32,33.17325861729459,91.71186551113027,Extreme Caution,orange
2024-04-10,31.09,52.2,33.220672987372204,91.79721137726997,Extreme Caution,orange
2024-04-11,31.32,46.27,32.411732114163264,90.34111780549388,Extreme Caution,orange
2024-04-12,31.09,45.51,31.921027940028075,89.45785029205054,Caution,yellow
2024-04-13,29.92,50.14,30.952981756058584,87.71536716090546,Caution,yellow
2024-04-14,30.47,54.24,32.54914133874768,90.58845440974582,Extreme Caution,orange
2024-04-15,33.32,50.75,37.17179496191655,98.90923093144978,Extreme Caution,orange
2024-04-16,36.44,32.35,37.50407648383935,99.50733767091083,Extreme Caution,orange
2024-04-17,35.49,35.53,36.79371630313192,98.22868934563746,Extreme Caution,orange
2024-04-18,33.91,50.19,38.259549193786796,100.86718854881623,Extreme Caution,orange
2024-04-19,33.06,50.15,36.453680523152606,97.6166249416747,Extreme Caution,orange
2024-04-20,32.52,49.89,35.313550417332515,95.56439075119853,Extreme Caution,orange
2024-04-21,31.63,49.78,33.647596633025444,92.5656739394458,Extreme Caution,orange
2024-04-22,31.65,51.33,34.035572077659204,93.26402973978657,Extreme Caution,orange
2024-04-23,31.49,50.13,33.47888328393244,92.26198991107839,Extreme Caution,orange
2024-04-24,31.55,52.67,34.16349404368072,93.4942892786253,Extreme Caution,orange
2024-04-25,32.35,50.83,35.231818116744066,95.41727261013932,Extreme Caution,orange
2024-04-26,32.9,50.29,36.170431677595566,97.10677701967202,Extreme Caution,orange
2024-04-27,33.98,47.74,37.609848136112504,99.6977266450025,Extreme Caution,orange
2024-04-28,34.83,46.03,38.828362513491655,101.89105252428497,Extreme Caution,orange
2024-04-29,34.4,41.45,36.53174945864262,97.75714902555673,Extreme Caution,orange
2024-04-30,33.84,44.3,36.29952372603476,97.33914270686256,Extreme Caution,orange
2024-05-01,32.15,48.07,34.17696911953582,93.51854441516448,Extreme Caution,orange
2024-05-02,31.45,49.75,33.3272021866535,91.9889639359763,Extreme Caution,orange
2024-05-03,30.95,50.19,32.57147846063938,90.62866122915088,Extreme Caution,orange
2024-05-04,31.18,54.78,33.95604085846436,93.12087354523585,Extreme Caution,orange
2024-05-05,32.39,56.44,36.89032111340421,98.40257800412758,Extreme Caution,orange
2024-05-06,31.72,59.1,36.17269009987974,97.11084217978353,Extreme Caution,orange
2024-05-07,31.68,60.87,36.58780960822801,97.85805729481041,Extreme Caution,orange
2024-05-08,31.9,55.98,35.69826145265685,96.25687061478234,Extreme Caution,orange
2024-05-09,31.33,58.65,35.202988969220186,95.36538014459634,Extreme Caution,orange
2024-05-10,31.95,56.2,35.86423511177239,96.5556232011903,Extreme Caution,orange
2024-05-11,32.5,53.35,36.22228264358684,97.20010875845631,Extreme Caution,orange
2024-05-12,31.4,61.88,36.228759464539685,97.21176703617144,Extreme Caution,orange
2024-05-13,32.3,58.66,37.36329801005021,99.25393641809038,Extreme Caution,orange
2024-05-14,32.33,59.77,37.783344733667356,100.01002052060124,Extreme Caution,orange
2024-05-15,32.26,61.98,38.32874442467717,100.9917399644189,Extreme Caution,orange
2024-05-16,33.03,59.67,39.4758738240316,103.05657288325689,Extreme Caution,orange
2024-05-17,32.1,64.63,38.802052605185594,101.84369468933407,Extreme Caution,orange
2024-05-18,32.94,61.18,39.78975527690417,103.6215594984275,Extreme Caution,orange
2024-05-19,33.15,58.77,39.456107115527885,103.0209928079502,Extreme Caution,orange
2024-05-20,32.85,61.37,39.624219199356,103.3235945588408,Extreme Caution,orange
2024-05-21,32.49,64.86,39.92634719761094,103.86742495569969,Extreme Caution,orange
2024-05-22,33.21,64.65,41.86584079806955,107.35851343652519,Danger,red
2024-05-23,33.46,58.74,40.23347262400878,104.42025072321582,Extreme Caution,orange
2024-05-24,32.49,63.89,39.57803505509614,103.24046309917304,Extreme Caution,orange
2024-05-25,31.72,63.88,37.58715617706062,99.65688111870912,Extreme Caution,orange
2024-05-26,31.72,64.31,37.72108109317193,99.89794596770949,Extreme Caution,orange
2024-05-27,31.81,64.38,37.970894123531906,100.34760942235742,Extreme Caution,orange
2024-05-28,32.13,62.56,38.19289019926196,100.74720235867153,Extreme Caution,orange
2024-05-29,31.96,66.32,39.001441961024305,102.20259552984375,Extreme Caution,orange
2024-05-30,32.05,65.76,39.05275116204399,102.29495209167918,Extreme Caution,orange
2024-05-31,32.31,64.91,39.45649776566216,103.02169597819189,Extreme Caution,orange
2024-06-01,32.53,62.81,39.30204270731321,102.74367687316378,Extreme Caution,orange
2024-06-02,32.38,59.97,37.967835631987015,100.34210413757663,Extreme Caution,orange
2024-06-03,31.6,64.97,37.62367720432789,99.7226189677902,Extreme Caution,orange
2024-06-04,30.87,72.2,37.90987047235155,100.23776685023279,Extreme Caution,orange
2024-06-05,30.86,72.27,37.9032895618768,100.22592121137824,Extreme Caution,orange
2024-06-06,31.05,69.4,37.55146963464673,99.59264534236411,Extreme Caution,orange
2024-06-07,30.42,72.29,36.70541471356307,98.06974648441353,Extreme Caution,orange
2024-06-08,29.23,78.47,35.037532643013165,95.0675587574237,Extreme Caution,orange
2024-06-09,28.34,85.79,34.022417546306215,93.24035158335118,Extreme Caution,orange
2024-06-10,28.59,80.76,33.76973246255652,92.78551843260173,Extreme Caution,orange
2024-06-11,28.42,80.31,33.23031756456279,91.81457161621302,Extreme Caution,orange
2024-06-12,29.08,80.52,35.08118523519974,95.14613342335954,Extreme Caution,orange
2024-06-13,29.49,79.0,35.891717791222824,96.60509202420108,Extreme Caution,orange
2024-06-14,29.24,82.54,36.020900333649124,96.83762060056843,Extreme Caution,orange
2024-06-15,29.6,79.56,36.350039694186,97.43007144953481,Extreme Caution,orange
2024-06-16,29.55,77.76,35.75665894796825,96.36198610634285,Extreme Caution,orange
2024-06-17,29.24,80.44,35.52057010831255,95.93702619496258,Extreme Caution,orange
2024-06-18,28.68,82.82,34.43133560328883,93.9764040859199,Extreme Caution,orange
2024-06-19,28.79,82.59,34.70091935556417,94.4616548400155,Extreme Caution,orange
2024-06-20,28.83,84.56,35.244882988305875,95.44078937895058,Extreme Caution,orange
2024-06-21,29.34,84.46,36.808715492408545,98.25568788633538,Extreme Caution,orange
2024-06-22,29.62,82.99,37.31151543183655,99.16072777730578,Extreme Caution,orange
2024-06-23,28.7,83.23,34.57374191425427,94.23273544565768,Extreme Caution,orange
2024-06-24,29.0,79.69,34.67410314340626,94.41338565813128,Extreme Caution,orange
2024-06-25,28.36,82.67,33.49791505094143,92.29624709169458,Extreme Caution,orange
2024-06-26,27.95,87.6,33.18267892093938,91.72882205769089,Extreme Caution,orange
2024-06-27,27.85,91.26,33.48496443762896,92.27293598773213,Extreme Caution,orange
2024-06-28,27.41,92.0,32.20235982414743,89.96424768346537,Caution,yellow
2024-06-29,28.45,87.34,34.66097671348151,94.38975808426672,Extreme Caution,orange
2024-06-30,28.24,87.47,34.03682220957842,93.26627997724115,Extreme Caution,orange
2024-07-01,28.34,86.08,34.07756508135,93.33961714643002,Extreme Caution,orange
2024-07-02,28.15,88.01,33.860138937719704,92.94825008789546,Extreme Caution,orange
2024-07-03,28.36,85.66,34.057211431275064,93.30298057629511,Extreme Caution,orange
2024-07-04,28.05,87.24,33.42019218812081,92.15634593861745,Extreme Caution,orange
2024-07-05,28.0,88.6,33.503843744675564,92.30691874041602,Extreme Caution,orange
2024-07-06,28.03,88.61,33.59783682105376,92.47610627789678,Extreme Caution,orange
2024-07-07,27.82,90.24,33.221214981218864,91.79818696619395,Extreme Caution,orange
2024-07-08,27.57,90.94,32.550550755063654,90.59099135911457,Extreme Caution,orange
2024-07-09,26.81,89.86,30.185543494466142,86.33397829003906,Caution,yellow
2024-07-10,26.64,88.75,29.627978746392362,85.33036174350624,Caution,yellow
2024-07-11,27.37,90.23,31.843106110877386,89.3175909995793,Caution,yellow
2024-07-12,27.18,92.96,31.607534153160188,88.89356147568834,Caution,yellow
2024-07-13,27.02,93.15,31.13297522044125,88.03935539679425,Caution,yellow
2024-07-14,27.19,93.61,31.718381295825434,89.09308633248578,Caution,yellow
2024-07-15,27.1,90.44,31.071543312322724,87.9287779621809,Caution,yellow
2024-07-16,25.83,89.18,27.589304040498593,81.66074727289747,Caution,yellow
2024-07-17,26.79,92.55,30.3763731727589,86.67747171096602,Caution,yellow
2024-07-18,26.76,93.73,30.39510923614153,86.71119662505475,Caution,yellow
2024-07-19,26.71,93.1,30.188127626749537,86.33862972814917,Caution,yellow
2024-07-20,26.47,94.34,29.570169983609794,85.22630597049763,Caution,yellow
2024-07-21,26.69,94.25,30.228160487371774,86.4106888772692,Caution,yellow
2024-07-22,26.29,94.02,29.018627206846563,84.23352897232381,Caution,yellow
2024-07-23,26.54,93.88,29.74530361805398,85.54154651249716,Caution,yellow
2024-07-24,26.42,93.67,29.375909520599002,84.8766371370782,Caution,yellow
2024-07-25,25.95,92.44,27.994862349202815,82.39075222856506,Caution,yellow
2024-07-26,26.44,92.1,29.327316993105836,84.7891705875905,Caution,yellow
2024-07-27,26.48,92.19,29.446810972040186,85.00425974967234,Caution,yellow
2024-07-28,26.18,93.55,28.677079512642837,83.61874312275711,Caution,yellow
2024-07-29,26.35,93.76,29.17750206461184,84.51950371630132,Caution,yellow
2024-07-30,26.82,92.31,30.442753415474865,86.79695614785476,Caution,yellow
2024-07-31,27.03,92.2,31.05922552803865,87.90660595046957,Caution,yellow
2024-08-01,26.74,92.64,30.236488912235327,86.42568004202359,Caution,yellow
2024-08-02,26.3,93.4,29.011314457702902,84.22036602386522,Caution,yellow
2024-08-03,26.01,93.59,28.200698105448936,82.76125658980808,Caution,yellow
2024-08-04,25.98,94.4,28.146585772020583,82.66385438963705,Caution,yellow
2024-08-05,26.38,92.21,29.1655934052905,84.4980681295229,Caution,yellow
2024-08-06,26.34,91.47,29.00843413306272,84.2151814395129,Caution,yellow
2024-08-07,26.55,90.71,29.535270675807812,85.16348721645406,Caution,yellow
2024-08-08,26.54,90.23,29.472229286859577,85.05001271634724,Caution,yellow
2024-08-09,26.75,90.92,30.11244156785603,86.20239482214086,Caution,yellow
2024-08-10,26.63,90.84,29.767605928763956,85.58169067177512,Caution,yellow
2024-08-11,26.53,90.56,29.469121786471565,85.04441921564882,Caution,yellow
2024-08-12,26.79,89.99,30.141666097186366,86.25499897493546,Caution,yellow
2024-08-13,26.97,89.53,30.601359162564247,87.08244649261565,Caution,yellow
2024-08-14,27.08,88.25,30.77288533319144,87.39119359974458,Caution,yellow
2024-08-15,27.09,88.32,30.808146609248816,87.45466389664787,Caution,yellow
2024-08-16,27.24,88.44,31.2411953387892,88.23415160982056,Caution,yellow
2024-08-17,27.47,86.03,31.577188363578344,88.83893905444101,Caution,yellow
2024-08-18,27.39,89.45,31.80000785827123,89.2400141448882,Caution,yellow
2024-08-19,26.87,94.14,30.7725757230663,87.39063630151934,Caution,yellow
2024-08-20,27.19,91.72,31.488436970514677,88.67918654692642,Caution,yellow
2024-08-21,27.66,88.12,32.40676467800793,90.33217642041429,Extreme Caution,orange
2024-08-22,27.83,88.44,32.96072920250937,91.32931256451687,Extreme Caution,orange
2024-08-23,27.73,88.86,32.726244194874425,90.90723955077397,Extreme Caution,orange
2024-08-24,26.4,93.2,29.286575696175507,84.71583625311591,Caution,yellow
2024-08-25,26.29,92.45,28.927792009928346,84.07002561787102,Caution,yellow
2024-08-26,26.5,92.6,29.53330522265784,85.15994940078411,Caution,yellow
2024-08-27,26.63,90.55,29.74436230743254,85.53985215337858,Caution,yellow
2024-08-28,26.6,91.1,29.704236280780012,85.46762530540403,Caution,yellow
2024-08-29,26.75,90.64,30.08766604460781,86.15779888029405,Caution,yellow
2024-08-30,26.84,89.7,30.25423761438473,86.45762770589252,Caution,yellow
2024-08-31,26.49,90.24,29.33706461846779,84.80671631324202,Caution,yellow
2024-09-01,26.25,92.21,28.802991380899737,83.84538448561952,Caution,yellow
2024-09-02,25.49,93.82,26.544300000000003,79.77974,Low Risk,green
2024-09-03,25.13,92.46,26.11278888888888,79.00301999999998,Low Risk,green
2024-09-04,26.79,91.26,30.2573828930498,86.46328920748964,Caution,yellow
2024-09-05,26.82,91.2,30.33817029030477,86.60870652254859,Caution,yellow
2024-09-06,26.79,89.96,30.138949767319364,86.25010958117485,Caution,yellow
2024-09-07,26.54,90.29,29.476652306012923,85.05797415082326,Caution,yellow
2024-09-08,26.49,91.03,29.392786623535933,84.90701592236468,Caution,yellow
2024-09-09,26.79,89.52,30.099201136632715,86.17856204593889,Caution,yellow
2024-09-10,26.55,89.76,29.464608931370194,85.03629607646636,Caution,yellow
2024-09-11,26.4,90.24,29.09443376396344,84.3699807751342,Caution,yellow
2024-09-12,26.39,89.71,29.034011968636776,84.2612215435462,Caution,yellow
2024-09-13,25.8,89.37,27.521126465146015,81.53802763726283,Caution,yellow
2024-09-14,26.21,87.76,28.46377418224848,83.23479352804726,Caution,yellow
2024-09-15,26.39,86.78,28.85043085222115,83.93077553399807,Caution,yellow
2024-09-16,26.27,83.69,28.39196225918246,83.10553206652843,Caution,yellow
2024-09-17,25.76,84.92,26.608911111111112,79.89604,Low Risk,green
2024-09-18,26.0,83.9,27.809970639291198,82.05794715072416,Caution,yellow
2024-09-19,26.17,83.13,28.144492660981143,82.66008678976605,Caution,yellow
2024-09-20,26.69,83.19,29.31293225370896,84.76327805667613,Caution,yellow
2024-09-21,26.57,87.2,29.32760236449447,84.78968425609006,Caution,yellow
2024-09-22,26.78,89.71,30.088672745684132,86.15961094223144,Caution,yellow
2024-09-23,27.19,91.7,31.486028613982935,88.67485150516929,Caution,yellow
2024-09-24,26.73,94.3,30.35516566666335,86.63929819999403,Caution,yellow
2024-09-25,26.49,94.67,29.654030728123068,85.37725531062152,Caution,yellow
2024-09-26,26.37,92.91,29.181749973772767,84.52714995279098,Caution,yellow
2024-09-27,26.27,93.29,28.919219853206314,84.05459573577136,Caution,yellow
2024-09-28,26.42,90.08,29.137643847509658,84.44775892551738,Caution,yellow
2024-09-29,26.23,90.79,28.67220532071355,83.60996957728439,Caution,yellow
2024-09-30,27.33,85.53,31.136856702381326,88.04634206428639,Caution,yellow
2024-10-01,27.9,87.09,32.9507086065465,91.3112754917837,Extreme Caution,orange
2024-10-02,27.7,89.93,32.79997870790972,91.0399616742375,Extreme Caution,orange
2024-10-03,27.26,88.56,31.312234911215953,88.36202284018871,Caution,yellow
2024-10-04,26.61,87.78,29.473609461655315,85.05249703097957,Caution,yellow
2024-10-05,26.81,85.06,29.7552286434674,85.55941155824132,Caution,yellow
2024-10-06,27.57,83.32,31.48380664026948,88.67085195248507,Caution,yellow
2024-10-07,27.97,79.1,31.888055512531917,89.39849992255745,Caution,yellow
2024-10-08,27.62,80.74,31.266622329969152,88.27992019394448,Caution,yellow
2024-10-09,26.2,88.78,28.490519205848468,83.28293457052725,Caution,yellow
2024-10-10,26.99,86.82,30.38039207054241,86.68470572697633,Caution,yellow
2024-10-11,27.61,86.08,31.96957795077366,89.54524031139259,Caution,yellow
2024-10-12,28.12,85.78,33.372766359530985,92.07097944715578,Extreme Caution,orange
2024-10-13,28.33,85.84,34.00210876223631,93.20379577202536,Extreme Caution,orange
2024-10-14,28.37,83.15,33.61424761051127,92.50564569892029,Extreme Caution,orange
2024-10-15,27.96,87.6,33.21253994822942,91.78257190681296,Extreme Caution,orange
2024-10-16,28.32,85.22,33.855917544354625,92.94065157983832,Extreme Caution,orange
2024-10-17,27.86,86.8,32.78736292204669,91.01725325968404,Extreme Caution,orange
2024-10-18,27.45,87.62,31.731538037367272,89.1167684672611,Caution,yellow
2024-10-19,26.97,90.54,30.705359937735995,87.26964788792479,Caution,yellow
2024-10-20,27.86,82.63,32.141265090338074,89.85427716260854,Caution,yellow
2024-10-21,26.63,84.35,29.261672839042205,84.67101111027597,Caution,yellow
2024-10-22,27.75,82.22,31.795444444819022,89.23180000067424,Caution,yellow
2024-10-23,27.64,83.21,31.650294966114327,88.97053093900578,Caution,yellow
2024-10-24,27.14,77.82,29.83358002423913,85.70044404363043,Caution,yellow
2024-10-25,26.19,73.8,27.745983222398724,81.9427698003177,Caution,yellow
2024-10-26,25.64,76.57,26.258883333333326,79.26598999999999,Low Risk,green
2024-10-27,25.39,78.1,26.023833333333332,78.8429,Low Risk,green
2024-10-28,26.2,80.14,28.063930270983583,82.51507448777045,Caution,yellow
2024-10-29,26.55,80.71,28.819624128906653,83.87532343203198,Caution,yellow
2024-10-30,26.81,76.92,29.0728960054503,84.33121280981054,Caution,yellow
2024-10-31,26.97,76.86,29.389505641634717,84.90111015494249,Caution,yellow
2024-11-01,26.46,74.52,28.247481457181607,82.84546662292689,Caution,yellow
2024-11-02,26.0,69.49,26.47001666666667,79.64603000000001,Low Risk,green
2024-11-03,25.41,71.67,25.877938888888885,78.58028999999999,Low Risk,green
2024-11-04,25.66,72.21,26.167038888888893,79.10067000000001,Low Risk,green
2024-11-05,25.49,73.02,26.001188888888894,78.80214000000001,Low Risk,green
2024-11-06,25.21,72.65,25.683527777777776,78.23035,Low Risk,green
2024-11-07,24.71,74.86,25.191233333333344,77.34422000000002,Low Risk,green
2024-11-08,25.03,75.02,25.547411111111117,77.98534000000001,Low Risk,green
2024-11-09,24.93,73.55,25.39902777777778,77.71825,Low Risk,green
2024-11-10,24.86,73.69,25.325683333333334,77.58623,Low Risk,green
2024-11-11,24.12,73.58,24.50881111111111,76.11586,Low Risk,green
2024-11-12,23.46,73.79,23.78829444444445,74.81893000000001,Low Risk,green
2024-11-13,23.67,74.31,24.03287222222222,75.25917,Low Risk,green
2024-11-14,24.65,74.54,25.116877777777788,77.21038000000001,Low Risk,green
2024-11-15,25.4,81.1,26.11316666666666,79.0037,Low Risk,green
2024-11-16,26.6,76.46,28.629392820727997,83.5329070773104,Caution,yellow
2024-11-17,25.51,75.89,26.098127777777776,78.97663,Low Risk,green
2024-11-18,23.24,69.04,23.422266666666662,74.16008,Low Risk,green
2024-11-19,22.21,71.65,22.357416666666673,72.24335,Low Risk,green
2024-11-20,22.0,71.79,22.130072222222214,71.83412999999999,Low Risk,green
2024-11-21,22.25,70.82,22.379744444444448,72.28354,Low Risk,green
2024-11-22,22.62,70.06,22.766900000000007,72.98042000000001,Low Risk,green
2024-11-23,22.92,67.02,23.01752222222222,73.43154,Low Risk,green
2024-11-24,22.82,69.37,22.968883333333327,73.34398999999999,Low Risk,green
2024-11-25,22.2,70.94,22.327877777777772,72.19017999999998,Low Risk,green
2024-11-26,21.17,70.21,21.17581666666667,70.11647,Low Risk,green
2024-11-27,20.93,68.4,20.864555555555555,69.5562,Low Risk,green
2024-11-28,20.65,68.97,20.571438888888892,69.02859000000001,Low Risk,green
2024-11-29,20.11,65.87,19.89649444444445,67.81369000000001,Low Risk,green
2024-11-30,21.33,66.75,21.261472222222217,70.27064999999999,Low Risk,green
2024-12-01,23.6,79.06,24.079900000000002,75.34382000000001,Low Risk,green
2024-12-02,25.36,80.17,26.044883333333328,78.88078999999999,Low Risk,green
2024-12-03,26.48,79.17,28.57264258234231,83.43075664821616,Caution,yellow
2024-12-04,26.73,82.0,29.310169494265526,84.75830508967795,Caution,yellow
2024-12-05,26.72,80.89,29.200020650154915,84.56003717027885,Caution,yellow
2024-12-06,26.42,81.52,28.594643067692914,83.47035752184725,Caution,yellow
2024-12-07,24.28,76.06,24.749566666666666,76.54922,Low Risk,green
2024-12-08,21.71,66.95,21.684694444444442,71.03245,Low Risk,green
2024-12-09,19.77,61.51,19.408649999999998,66.93557,Low Risk,green
2024-12-10,20.98,62.27,20.75949444444444,69.36708999999999,Low Risk,green
2024-12-11,22.4,69.82,22.518633333333327,72.53353999999999,Low Risk,green
2024-12-12,22.05,67.08,22.062088888888887,71.71176,Low Risk,green
2024-12-13,21.3,66.42,21.219855555555554,70.19574,Low Risk,green
2024-12-14,20.8,62.04,20.555488888888892,68.99988,Low Risk,green
2024-12-15,21.25,58.84,20.96693333333333,69.74047999999999,Low Risk,green
2024-12-16,21.04,53.07,20.58527222222223,69.05349000000001,Low Risk,green
2024-12-17,21.06,54.29,20.639127777777787,69.15043000000001,Low Risk,green
2024-12-18,21.49,53.8,21.099333333333337,69.9788,Low Risk,green
2024-12-19,21.43,62.33,21.25606111111111,70.26091,Low Risk,green
2024-12-20,21.72,74.79,21.900405555555558,71.42073,Low Risk,green
2024-12-21,21.95,77.32,22.219466666666662,71.99503999999999,Low Risk,green
2024-12-22,22.25,84.68,22.741644444444447,72.93496,Low Risk,green
2024-12-23,22.07,86.32,22.58646666666667,72.65564,Low Risk,green
2024-12-24,21.69,79.18,21.982033333333327,71.56765999999999,Low Risk,green
2024-12-25,21.98,77.09,22.24646111111111,72.04363,Low Risk,green
2024-12-26,22.68,78.33,23.048838888888895,73.48791000000001,Low Risk,green
2024-12-27,23.32,81.35,23.831694444444437,74.89705,Low Risk,green
2024-12-28,23.93,79.1,24.443944444444444,75.9991,Low Risk,green
2024-12-29,24.68,73.57,25.124550000000006,77.22419000000001,Low Risk,green
2024-12-30,24.62,69.71,24.95776111111111,76.92397,Low Risk,green
2024-12-31,24.68,65.9,24.92427777777778,76.86370000000001,Low Risk,green
2025-01-01,24.25,68.91,24.529872222222227,76.15377000000001,Low Risk,green
2025-01-02,24.18,59.35,24.20325,75.56585,Low Risk,green
2025-01-03,22.78,51.64,22.461933333333345,72.43148000000002,Low Risk,green
2025-01-04,22.4,52.93,22.077616666666668,71.73971,Low Risk,green
2025-01-05,22.43,57.64,22.233599999999996,72.02047999999999,Low Risk,green
2025-01-06,21.63,61.43,21.45256111111111,70.61461,Low Risk,green
2025-01-07,22.27,58.15,22.070916666666673,71.72765000000001,Low Risk,green
2025-01-08,22.38,55.6,22.12533333333333,71.8256,Low Risk,green
2025-01-09,22.55,47.35,22.09691666666667,71.77445,Low Risk,green
2025-01-10,22.74,56.5,22.544833333333337,72.58070000000001,Low Risk,green
2025-01-11,22.49,64.19,22.47062777777778,72.44713,Low Risk,green
2025-01-12,22.18,64.08,22.126755555555555,71.82816,Low Risk,green
2025-01-13,23.7,63.03,23.771338888888888,74.78841,Low Risk,green
2025-01-14,24.32,61.74,24.419655555555558,75.95538,Low Risk,green
2025-01-15,24.73,66.68,24.999644444444453,76.99936000000001,Low Risk,green
2025-01-16,24.19,66.17,24.392327777777773,75.90619,Low Risk,green
2025-01-17,24.94,56.29,24.959349999999997,76.92683,Low Risk,green
2025-01-18,24.64,51.64,24.507933333333337,76.11428000000001,Low Risk,green
2025-01-19,24.09,52.92,23.93635555555555,75.08543999999999,Low Risk,green
2025-01-20,24.24,50.13,24.028505555555554,75.25131,Low Risk,green
2025-01-21,23.72,50.94,23.477655555555557,74.25978,Low Risk,green
2025-01-22,23.63,51.95,23.405027777777775,74.12904999999999,Low Risk,green
2025-01-23,23.4,51.46,23.139233333333337,73.65062,Low Risk,green
2025-01-24,24.75,53.97,24.689772222222228,76.44159,Low Risk,green
2025-01-25,26.19,52.91,26.246094444444438,79.24296999999999,Low Risk,green
2025-01-26,26.44,50.87,26.467827777777774,79.64209,Low Risk,green
2025-01-27,26.02,49.78,25.977366666666665,78.75926,Low Risk,green
2025-01-28,25.55,47.92,25.411800000000003,77.74124,Low Risk,green
2025-01-29,25.52,46.76,25.348511111111115,77.62732000000001,Low Risk,green
2025-01-30,24.91,49.07,24.737827777777774,76.52808999999999,Low Risk,green
2025-01-31,23.58,53.3,23.385277777777773,74.09349999999999,Low Risk,green
2025-02-01,23.02,55.8,22.83455555555556,73.10220000000001,Low Risk,green
2025-02-02,24.32,47.32,24.043133333333337,75.27764,Low Risk,green
2025-02-03,24.27,54.08,24.16464444444445,75.49636000000001,Low Risk,green
2025-02-04,23.48,57.64,23.3886,74.09948,Low Risk,green
2025-02-05,23.93,46.89,23.602905555555555,74.48523,Low Risk,green
2025-02-06,25.5,48.34,25.367766666666668,77.66198,Low Risk,green
2025-02-07,26.73,49.26,27.129373096416153,80.83287157354907,Caution,yellow
2025-02-08,27.08,47.38,27.33195547741729,81.19751985935112,Caution,yellow
2025-02-09,27.21,46.35,27.38486703842614,81.29276066916705,Caution,yellow
2025-02-10,26.69,42.53,26.52506111111111,79.74511,Low Risk,green
2025-02-11,25.99,40.72,25.70779999999999,78.27403999999999,Low Risk,green
2025-02-12,25.88,37.42,25.50063333333334,77.90114000000001,Low Risk,green
2025-02-13,26.87,32.54,26.46221111111111,79.63198,Low Risk,green
2025-02-14,27.32,32.27,26.720980161067082,80.09776428992075,Caution,yellow
2025-02-15,27.51,30.96,26.792710675766088,80.22687921637896,Caution,yellow
2025-02-16,27.19,33.64,26.694108790639383,80.04939582315089,Caution,yellow
2025-02-17,27.19,40.96,27.055992734428532,80.70078692197136,Caution,yellow
2025-02-18,27.59,38.47,27.229163271964985,81.01249388953697,Caution,yellow
2025-02-19,27.36,40.6,27.169126492909296,80.90442768723673,Caution,yellow
2025-02-20,28.16,35.31,27.49871121019268,81.49768017834683,Caution,yellow
2025-02-21,28.94,29.24,27.781498731650107,82.0066977169702,Caution,yellow
2025-02-22,29.28,29.68,28.089609617268362,82.56129731108305,Caution,yellow
2025-02-23,29.1,28.85,27.89115166548859,82.20407299787946,Caution,yellow
2025-02-24,29.17,26.56,27.830263889158477,82.09447500048526,Caution,yellow
2025-02-25,29.47,28.68,28.192413282691813,82.74634390884526,Caution,yellow
2025-02-26,29.86,32.05,28.775501027085664,83.7959018487542,Caution,yellow
2025-02-27,29.84,32.37,28.781703248410672,83.80706584713921,Caution,yellow
2025-02-28,29.71,32.22,28.646858828633867,83.56434589154097,Caution,yellow
2025-03-01,29.61,35.58,28.825916711855054,83.8866500813391,Caution,yellow
2025-03-02,29.43,34.91,28.5937713484292,83.46878842717256,Caution,yellow
2025-03-03,29.92,31.6,28.79739074589335,83.83530334260803,Caution,yellow
2025-03-04,29.9,27.22,28.478820640117117,83.26187715221081,Caution,yellow
2025-03-05,29.34,18.57,27.68358358827224,81.83045045889003,Caution,yellow
2025-03-06,28.67,17.61,27.166009705058823,80.89881746910588,Caution,yellow
2025-03-07,29.04,21.5,27.53177632860099,81.55719739148178,Caution,yellow
2025-03-08,29.14,31.87,28.106606518687457,82.59189173363742,Caution,yellow
2025-03-09,30.18,39.44,29.83262046076731,85.69871682938115,Caution,yellow
2025-03-10,31.55,29.08,30.22267527564274,86.40081549615692,Caution,yellow
2025-03-11,31.97,35.49,31.50232923950951,88.70419263111712,Caution,yellow
2025-03-12,31.63,40.79,31.888069603236286,89.39852528582531,Caution,yellow
2025-03-13,31.33,41.68,31.61543334319778,88.907780017756,Caution,yellow
2025-03-14,30.55,45.59,31.149161128242863,88.06849003083715,Caution,yellow
2025-03-15,30.33,45.16,30.778578253051098,87.40144085549198,Caution,yellow
2025-03-16,30.04,45.97,30.503686747185426,86.90663614493377,Caution,yellow
2025-03-17,29.52,42.97,29.47158922606805,85.04886060692249,Caution,yellow
2025-03-18,29.41,43.21,29.370756173923397,84.86736111306212,Caution,yellow
2025-03-19,28.73,48.4,29.1392791116905,84.45070240104289,Caution,yellow
2025-03-20,29.23,40.1,28.85239493840613,83.93431088913103,Caution,yellow
2025-03-21,27.68,48.31,27.967140637609305,82.34085314769675,Caution,yellow
2025-03-22,28.84,44.3,28.84231722280667,83.916171001052,Caution,yellow
2025-03-23,30.07,43.43,30.1960647766518,86.35291659797323,Caution,yellow
2025-03-24,30.72,46.84,31.599537328410165,88.8791671911383,Caution,yellow
2025-03-25,30.67,39.7,30.45347967053339,86.8162634069601,Caution,yellow
2025-03-26,29.33,51.77,30.33900887139718,86.61021596851492,Caution,yellow
2025-03-27,28.63,52.73,29.499195138904742,85.09855125002854,Caution,yellow
2025-03-28,29.84,46.97,30.375412818741268,86.67574307373428,Caution,yellow
2025-03-29,31.78,23.77,30.003402932913033,86.00612527924346,Caution,yellow
2025-03-30,32.06,28.11,30.674909677303006,87.21483741914541,Caution,yellow
2025-03-31,32.49,40.92,33.179843956452764,91.72371912161498,Extreme Caution,orange
2025-04-01,32.48,37.36,32.49186970666535,90.48536547199762,Extreme Caution,orange
2025-04-02,33.0,39.44,33.663932845946306,92.59507912270335,Extreme Caution,orange
2025-04-03,30.55,57.68,33.40078289064362,92.1214092031585,Extreme Caution,orange
2025-04-04,30.67,53.09,32.669396134779554,90.8049130426032,Extreme Caution,orange
2025-04-05,31.68,39.45,31.73486875359586,89.12276375647255,Caution,yellow
2025-04-06,32.01,42.12,32.68270915116016,90.8288764720883,Extreme Caution,orange
2025-04-07,32.6,40.05,33.17378595188964,91.71281471340136,Extreme Caution,orange
2025-04-08,33.21,30.76,32.376258833708526,90.27726590067535,Extreme Caution,orange
2025-04-09,32.71,41.76,33.700412132493476,92.66074183848825,Extreme Caution,orange
2025-04-10,31.19,57.75,34.683751990700856,94.43075358326153,Extreme Caution,orange
2025-04-11,30.25,56.84,32.669268336149194,90.80468300506854,Extreme Caution,orange
2025-04-12,29.91,57.67,32.217875281462575,89.99217550663263,Caution,yellow
2025-04-13,31.21,52.92,33.592065212035294,92.46571738166352,Extreme Caution,orange
2025-04-14,31.71,47.64,33.31979503739512,91.97563106731121,Extreme Caution,orange
2025-04-15,31.08,51.84,33.12714996869388,91.62886994364898,Extreme Caution,orange
2025-04-16,30.8,60.95,34.6549337830789,94.37888080954203,Extreme Caution,orange
2025-04-17,30.89,58.98,34.367988829880545,93.86237989378498,Extreme Caution,orange
2025-04-18,31.07,58.49,34.61916139440265,94.31449050992477,Extreme Caution,orange
2025-04-19,31.3,56.71,34.65093033705438,94.3716746066979,Extreme Caution,orange
2025-04-20,31.14,53.89,33.679157930683566,92.62248427523042,Extreme Caution,orange
2025-04-21,31.38,56.84,34.84564588355998,94.72216259040798,Extreme Caution,orange
2025-04-22,32.04,50.28,34.50516748205571,94.10930146770028,Extreme Caution,orange
2025-04-23,32.48,49.17,35.05045484541701,95.09081872175061,Extreme Caution,orange
2025-04-24,32.0,49.69,34.289628644337796,93.72133155980802,Extreme Caution,orange
2025-04-25,31.43,46.44,32.617627035524464,90.71172866394403,Extreme Caution,orange
2025-04-26,31.63,48.24,33.31248132283853,91.96246638110935,Extreme Caution,orange
2025-04-27,32.0,50.96,34.596804153754455,94.27424747675802,Extreme Caution,orange
2025-04-28,32.22,52.29,35.36099510377159,95.64979118678886,Extreme Caution,orange
2025-04-29,31.48,54.1,34.37061089505534,93.86709961109962,Extreme Caution,orange
2025-04-30,31.56,54.02,34.505977429893136,94.11075937380765,Extreme Caution,orange
2025-05-01,32.02,54.24,35.47748785453482,95.85947813816269,Extreme Caution,orange
2025-05-02,32.26,53.25,35.699362658956176,96.25885278612111,Extreme Caution,orange
2025-05-03,31.55,53.47,34.35368164170465,93.83662695506837,Extreme Caution,orange
2025-05-04,29.54,59.54,31.896566430354497,89.4138195746381,Caution,yellow
2025-05-05,30.58,61.88,34.41053145659597,93.93895662187273,Extreme Caution,orange
2025-05-06,29.53,61.27,32.18815791638489,89.93868424949281,Caution,yellow
2025-05-07,28.52,69.58,31.64011115571855,88.9522000802934,Caution,yellow
2025-05-08,27.9,78.09,31.571682545770848,88.82902858238752,Caution,yellow
2025-05-09,28.68,75.34,32.97912096359046,91.36241773446282,Extreme Caution,orange
2025-05-10,29.46,68.94,33.53769268423917,92.3678468316305,Extreme Caution,orange
2025-05-11,30.0,63.86,33.63341216726433,92.5401419010758,Extreme Caution,orange
2025-05-12,30.54,64.26,34.897993435535454,94.81638818396382,Extreme Caution,orange
2025-05-13,30.67,65.33,35.46535603711128,95.8376408668003,Extreme Caution,orange
2025-05-14,30.94,65.6,36.177675120515055,97.1198152169271,Extreme Caution,orange
2025-05-15,30.49,69.38,36.09464588218686,96.97036258793635,Extreme Caution,orange
2025-05-16,30.02,72.07,35.59871695631322,96.07769052136379,Extreme Caution,orange
2025-05-17,29.98,72.55,35.61654458001216,96.10978024402189,Extreme Caution,orange
2025-05-18,30.03,72.92,35.8403681353772,96.51266264367896,Extreme Caution,orange
2025-05-19,28.93,80.02,34.55142259124712,94.19256066424481,Extreme Caution,orange
2025-05-20,29.61,81.77,36.95439459765174,98.51791027577313,Extreme Caution,orange
2025-05-21,29.1,83.04,35.71719832684599,96.29095698832278,Extreme Caution,orange
2025-05-22,28.57,83.3,34.21169018978169,93.58104234160704,Extreme Caution,orange
2025-05-23,29.62,77.21,35.81605477541764,96.46889859575175,Extreme Caution,orange
2025-05-24,28.48,84.38,34.16372153243467,93.49469875838241,Extreme Caution,orange
2025-05-25,27.79,86.53,32.54338111963867,90.5780860153496,Extreme Caution,orange
2025-05-26,28.04,86.8,33.31463113186573,91.96633603735832,Extreme Caution,orange
2025-05-27,27.43,89.56,31.932596535490788,89.47867376388342,Caution,yellow
2025-05-28,28.25,88.13,34.191881290517216,93.54538632293098,Extreme Caution,orange
2025-05-29,28.33,88.6,34.53394103420182,94.16109386156327,Extreme Caution,orange
2025-05-30,28.86,82.54,34.893440441169844,94.80819279410572,Extreme Caution,orange
2025-05-31,28.78,81.77,34.50005024288383,94.1000904371909,Extreme Caution,orange
2025-06-01,28.89,82.82,35.042117081270156,95.07581074628628,Extreme Caution,orange
2025-06-02,28.41,84.43,33.96933444440646,93.14480199993163,Extreme Caution,orange
2025-06-03,28.28,84.52,33.61044099231477,92.49879378616659,Extreme Caution,orange
2025-06-04,27.98,83.16,32.542724034975976,90.57690326295676,Extreme Caution,orange
2025-06-05,28.16,81.56,32.7614264408351,90.97056759350319,Extreme Caution,orange
2025-06-06,28.17,82.59,32.962417513602986,91.33235152448538,Extreme Caution,orange
2025-06-07,27.69,84.61,31.979731521569516,89.56351673882513,Caution,yellow
2025-06-08,28.34,81.89,33.301332077728894,91.94239773991201,Extreme Caution,orange
2025-06-09,28.45,81.76,33.57770938728341,92.43987689711014,Extreme Caution,orange
2025-06-10,28.51,79.95,33.40192608312029,92.12346694961653,Extreme Caution,orange
2025-06-11,28.52,83.45,34.09753469317773,93.37556244771991,Extreme Caution,orange
2025-06-12,28.35,89.0,34.6766965363979,94.41805376551622,Extreme Caution,orange
2025-06-13,27.81,89.31,33.039683014007785,91.47142942521401,Extreme Caution,orange
2025-06-14,28.28,89.91,34.63005242572203,94.33409436629965,Extreme Caution,orange
2025-06-15,27.63,93.16,33.076392072294894,91.5375057301308,Extreme Caution,orange
2025-06-16,27.37,91.02,31.947160635416157,89.50488914374908,Caution,yellow
2025-06-17,28.04,86.35,33.23767846704291,91.82782124067724,Extreme Caution,orange
2025-06-18,27.91,88.7,33.245425289353044,91.84176552083548,Extreme Caution,orange
2025-06-19,27.38,90.74,31.940427488468217,89.4927694792428,Caution,yellow
2025-06-20,27.75,88.72,32.76463810930389,90.97634859674699,Extreme Caution,orange
2025-06-21,27.61,88.63,32.334488833355124,90.20207990003922,Extreme Caution,orange
2025-06-22,27.48,88.28,31.905881999751255,89.43058759955225,Caution,yellow
2025-06-23,27.38,88.5,31.647188368222576,88.96493906280064,Caution,yellow
2025-06-24,27.29,89.75,31.54502711851448,88.78104881332607,Caution,yellow
2025-06-25,27.45,88.88,31.899930024690647,89.41987404444316,Caution,yellow
2025-06-26,27.23,89.04,31.284550088008316,88.31219015841496,Caution,yellow
2025-06-27,27.11,89.33,30.975873267883053,87.75657188218949,Caution,yellow
2025-06-28,27.06,87.28,30.614389074095772,87.10590033337239,Caution,yellow
2025-06-29,26.75,90.34,30.061193587456135,86.11014845742105,Caution,yellow
2025-06-30,27.05,89.31,30.80369104477793,87.44664388060028,Caution,yellow
2025-07-01,26.73,90.0,29.97582708828399,85.95648875891118,Caution,yellow
2025-07-02,26.55,91.28,29.577937324028774,85.2402871832518,Caution,yellow
2025-07-03,26.79,89.93,30.136234228425526,86.24522161116595,Caution,yellow
2025-07-04,26.84,89.85,30.268304873803775,86.4829487728468,Caution,yellow
2025-07-05,26.61,91.31,29.74890769650569,85.54803385371024,Caution,yellow
2025-07-06,26.55,90.09,29.489090923668453,85.08036366260322,Caution,yellow
2025-07-07,26.54,89.8,29.440595419527273,84.99307175514909,Caution,yellow
2025-07-08,26.49,90.65,29.365940158354622,84.85869228503832,Caution,yellow
2025-07-09,26.44,90.84,29.242202619945367,84.63596471590166,Caution,yellow
2025-07-10,26.73,90.55,30.0235068673197,86.04231236117546,Caution,yellow
2025-07-11,26.77,90.09,30.094895317905817,86.17081157223046,Caution,yellow
2025-07-12,26.73,89.88,29.965456982721534,85.93782256889877,Caution,yellow
2025-07-13,26.8,89.74,30.14677778304358,86.26420000947844,Caution,yellow
2025-07-14,26.91,90.52,30.530980074150445,86.95576413347081,Caution,yellow
2025-07-15,26.94,90.66,30.631199249431347,87.13615864897642,Caution,yellow
2025-07-16,26.83,90.72,30.321784781194122,86.57921260614941,Caution,yellow
2025-07-17,26.68,89.74,29.81617129184876,85.66910832532777,Caution,yellow
2025-07-18,26.79,88.48,30.005926197678587,86.01066715582145,Caution,yellow
2025-07-19,26.78,89.53,30.072553332642542,86.13059599875658,Caution,yellow
2025-07-20,27.09,88.76,30.856320136833446,87.5413762463002,Caution,yellow
2025-07-21,26.9,90.87,30.53695427186865,86.96651768936357,Caution,yellow
2025-07-22,26.74,90.66,30.06123709912817,86.1102267784307,Caution,yellow
2025-07-23,26.48,91.73,29.414345108933844,84.94582119608091,Caution,yellow
2025-07-24,26.71,91.19,30.02233148084791,86.04019666552624,Caution,yellow
2025-07-25,26.5,91.9,29.482810993460546,85.06905978822898,Caution,yellow
2025-07-26,26.1,92.51,28.40470218579953,83.12846393443915,Caution,yellow
2025-07-27,26.1,90.58,28.319176118368226,82.97451701306281,Caution,yellow
2025-07-28,26.02,89.98,28.08813912564072,82.55865042615329,Caution,yellow
2025-07-29,25.77,90.45,27.47242513089325,81.45036523560785,Caution,yellow
2025-07-30,25.87,91.19,27.744982819088523,81.94096907435934,Caution,yellow
2025-07-31,26.15,90.38,28.440545096395386,83.1929811735117,Caution,yellow
2025-08-01,26.1,90.25,28.304604386006947,82.94828789481251,Caution,yellow
2025-08-02,25.9,90.73,27.808254162292027,82.05485749212565,Caution,yellow
2025-08-03,26.26,89.67,28.69090464132857,83.64362835439142,Caution,yellow
2025-08-04,26.3,89.53,28.78711283078144,83.81680309540658,Caution,yellow
2025-08-05,26.35,89.21,28.898275669256098,84.01689620466098,Caution,yellow
2025-08-06,26.58,88.0,29.412710780425364,84.94287940476565,Caution,yellow
2025-08-07,26.54,88.8,29.36746561101469,84.86143809982644,Caution,yellow
2025-08-08,26.47,88.25,29.146758466488265,84.46416523967888,Caution,yellow
2025-08-09,26.35,87.62,28.802691227391556,83.8448442093048,Caution,yellow
2025-08-10,26.23,87.57,28.503120483559158,83.30561687040648,Caution,yellow
2025-08-11,26.28,89.3,28.72226982507109,83.70008568512796,Caution,yellow
2025-08-12,26.26,88.8,28.64348702123111,83.558276638216,Caution,yellow
2025-08-13,26.16,90.4,28.467643719112093,83.24175869440177,Caution,yellow
2025-08-14,26.1,90.64,28.32182715251771,82.97928887453187,Caution,yellow
2025-08-15,25.72,92.22,27.381256718332395,81.28626209299831,Caution,yellow
2025-08-16,25.75,92.74,27.470009065722056,81.4460163182997,Caution,yellow
2025-08-17,26.08,93.43,28.389629064544952,83.10133231618092,Caution,yellow
2025-08-18,25.64,93.61,27.192379530530467,80.94628315495484,Caution,yellow
2025-08-19,25.59,93.58,26.64803333333333,79.96646,Low Risk,green
2025-08-20,25.55,92.0,26.56277777777778,79.813,Low Risk,green
2025-08-21,25.99,90.71,28.03884213219618,82.46991583795312,Caution,yellow
2025-08-22,25.99,89.86,28.007532424567444,82.4135583642214,Caution,yellow
2025-08-23,25.82,89.15,27.564221409308036,81.61559853675446,Caution,yellow
2025-08-24,25.88,88.07,27.678313403914768,81.82096412704658,Caution,yellow
2025-08-25,25.55,90.68,26.528311111111115,79.75096,Low Risk,green
2025-08-26,25.64,91.85,26.65786111111111,79.98415,Low Risk,green
2025-08-27,25.81,92.52,27.62377385193555,81.72279293348399,Caution,yellow
2025-08-28,25.98,92.99,28.09553478653811,82.5719626157686,Caution,yellow
2025-08-29,26.18,91.01,28.550273341127834,83.3904920140301,Caution,yellow
2025-08-30,26.36,91.58,29.070251088804028,84.32645195984725,Caution,yellow
2025-08-31,26.32,91.56,28.958912064205037,84.12604171556907,Caution,yellow
2025-09-01,24.9,94.33,25.908616666666667,78.63551,Low Risk,green
2025-09-02,25.34,93.33,26.366505555555555,79.45971,Low Risk,green
2025-09-03,25.47,92.51,26.48809444444445,79.67857000000001,Low Risk,green
2025-09-04,24.84,94.12,25.837133333333334,78.50684,Low Risk,green
2025-09-05,24.83,94.36,25.832399999999993,78.49831999999999,Low Risk,green
2025-09-06,25.02,93.87,26.028605555555558,78.85149,Low Risk,green
2025-09-07,25.13,92.38,26.11069999999999,78.99925999999998,Low Risk,green
2025-09-08,25.44,90.25,26.396083333333333,79.51295,Low Risk,green
2025-09-09,25.52,87.44,26.410711111111116,79.53928,Low Risk,green
2025-09-10,25.82,84.52,26.66446666666667,79.99604000000001,Low Risk,green
2025-09-11,25.85,84.85,27.516684522162933,81.53003213989328,Caution,yellow
2025-09-12,25.9,86.16,27.666455631617982,81.79962013691237,Caution,yellow
2025-09-13,25.49,89.79,26.439072222222226,79.59033000000001,Low Risk,green
2025-09-14,25.42,93.05,26.447194444444445,79.60495,Low Risk,green
2025-09-15,24.78,96.2,25.825444444444443,78.4858,Low Risk,green
2025-09-16,25.18,93.98,26.207477777777783,79.17346,Low Risk,green
2025-09-17,25.74,90.98,27.40842356740014,81.33516242132025,Caution,yellow
2025-09-18,25.81,90.89,27.583482917898785,81.65026925221781,Caution,yellow
2025-09-19,25.77,91.27,27.490642528556187,81.48315655140114,Caution,yellow
2025-09-20,25.72,90.75,27.35370471504606,81.23666848708291,Caution,yellow
2025-09-21,25.98,90.59,28.00868443366538,82.41563198059768,Caution,yellow
2025-09-22,25.53,92.16,26.54495555555556,79.78092000000001,Low Risk,green
2025-09-23,24.95,92.91,25.926538888888892,78.66777,Low Risk,green
2025-09-24,25.74,86.44,26.626599999999993,79.92787999999999,Low Risk,green
2025-09-25,25.47,87.47,26.356494444444447,79.44169000000001,Low Risk,green
2025-09-26,25.93,86.72,27.753003533492933,81.95540636028728,Caution,yellow
2025-09-27,25.52,92.68,26.547533333333334,79.78556,Low Risk,green
2025-09-28,24.37,96.43,25.38045,77.68481,Low Risk,green
2025-09-29,24.38,91.26,25.25645555555556,77.46162000000001,Low Risk,green
2025-09-30,-999.0,-999.0,-1128.9294444444445,-2000.0729999999999,Low Risk,green
2025-10-01,-999.0,-999.0,-1128.9294444444445,-2000.0729999999999,Low Risk,green
2025-10-02,-999.0,-999.0,-1128.9294444444445,-2000.0729999999999,Low Risk,green
